Country,Life expectancy,Adult Mortality,Infant Mortality,Alcohol,Hepatitis B,Measles,Under five Mortality,Polio,Total expenditure,Diphtheria,GDP,Population,thinness 10-19 years,thinness 5-9 years,Income composition of resources,Schooling,Status,Diseases Mortality,Child Mortality,Mortality Rate
Albania,75.15624999999999,3.8080504150451677,2.7247844000933754,4.84875,98.0,53.375,2.8405028871319162,4.586242176102573,1.7826556549785844,4.585605030493252,8.063309622858322,696911.625,1.61875,1.7,0.709875,2.496299833617443,Developing,17.67875,3.094375,12.46771270227046
Algeria,73.61874999999999,4.683865832936428,3.2866512889487134,0.4066666666666668,78.0,1943.875,3.4399171680905405,4.51906748693468,1.5269254908596361,4.520428957533,8.230337882640828,21649827.4375,6.09375,5.975,0.694875,2.5425857613746783,Developing,15.87875,4.83,16.24043428997568
Angola,49.01875,5.794727078579667,4.484329355037158,5.740666666666666,70.22222222222223,3561.3125,4.969122957177844,3.8313551023606913,1.3659215713119537,3.8646693090446758,7.993757430030502,10147099.1875,6.1937500000000005,6.668750000000001,0.4583749999999999,2.0848953923623,Developing,25.84875,30.855625,46.10380439079467
Antigua and Barbuda,75.05624999999999,4.848116364598481,2.2904492506495227,7.949333333333333,98.26666666666668,0.0,2.4439218816041643,4.5740664409367575,1.566808730378141,4.588151180818497,9.462919996299217,,3.4250000000000003,3.375,0.4886249999999999,2.179710994843511,Developing,18.25875,2.39875,11.981237496852167
Argentina,75.15624999999999,4.663439094112067,2.628059575405717,7.966666666666667,81.28571428571429,2.0,2.741001301241896,4.536623643452981,1.9333554774679766,4.525856379268366,9.097832258476698,20121204.5,1.0749999999999995,0.95,0.794125,2.8037390970633056,Developing,18.410625,2.578125,12.61062497075968
Armenia,73.39999999999999,4.765373937528427,2.955593639239955,3.7026666666666666,87.5625,274.25,3.0729247693838966,4.49003987873446,1.5813127487082523,4.470209200553974,7.824709234749196,1015164.625,2.0375,2.1125000000000007,0.698375,2.467039647959576,Developing,24.9175,1.925625,12.719517346152278
Australia,81.81250000000001,4.14610649678069,1.4590509741704916,10.155333333333331,93.4,103.9375,1.6404519659632697,4.4630304188269685,2.1789097316328245,4.464470303884956,10.721366875739893,4587009.875,0.66875,0.6249999999999998,0.9181249999999996,2.9976055179356713,Developed,10.71,1.06875,8.314359436914451
Austria,81.48124999999999,4.185859671057874,1.3404140218008527,12.236,81.0625,77.25,1.5287700093666456,4.454347296253507,1.5508196099456886,4.4630304188269685,10.636994373440238,6474879.875,1.7312499999999995,1.9374999999999996,0.862375,2.7335554915105718,Developed,12.790625,1.04875,8.103793702225373
Azerbaijan,70.73124999999999,4.746561235430042,3.679192057440547,0.992,59.21428571428572,598.1875,3.840177855774802,4.328263186704269,1.736833854952539,4.4105229795035,8.297012688105074,2157370.5,2.9000000000000004,2.94375,0.7026874999999999,2.4292177439274116,Developing,30.610625,4.253125,16.51905614864539
Bahamas,74.28750000000001,5.024291620543742,2.607953584563925,10.271333333333333,83.6,0.0,2.7620647894084485,4.553876891600541,1.903002648044037,4.561740628060756,10.282274910628376,,2.5500000000000007,2.5187500000000003,0.7379375000000001,2.5197105719826927,Developing,20.006875,3.53875,13.933059994516114
Bahrain,75.72500000000001,4.180139922385087,2.117158721246612,1.9346666666666663,98.125,6.6875,2.270707354096023,4.584967478670572,1.3369290315745614,4.585605030493252,9.87143140798854,,6.10625,5.950000000000001,0.8079374999999998,2.6470609294757805,Developing,22.166875,2.496875,11.064880997727723
Bangladesh,69.3,4.951415934436285,3.8047718146811698,0.01,77.61538461538461,4649.9375,4.065730730022362,4.471638793363569,1.0489550820593265,4.529907701487544,6.580908458740051,42985163.875,13.775,14.33125,0.517875,2.1626043766896164,Developing,21.709375,9.3425,22.164418479139815
Barbados,74.35625,4.351889540253643,2.630403925246387,8.206666666666669,84.06666666666666,0.0,2.7163903253772115,4.385925275089539,1.8118888405232207,4.499114984647586,9.594970176864315,,3.95625,3.9187500000000006,0.7704375,2.700941661864915,Developing,16.336875,2.250625,11.949308790877241
Belarus,69.90625,5.387929525237724,1.7410142702228197,13.497333333333332,88.9375,24.8125,2.0056099736306723,4.498419816041211,1.823258136287426,4.523824546534139,8.434634156362625,6371866.8125,2.2125,2.3375,0.7432499999999999,2.691243082785829,Developing,31.0275,2.249375,11.383928769091217
Belgium,80.68124999999999,4.251170232498662,1.3548681914325216,11.042666666666666,74.5,81.5625,1.5597223201881676,4.582413198865475,1.7854059952558798,4.577927449594217,10.571054743279024,2884042.5625,0.8625000000000004,0.8562500000000004,0.8777500000000001,2.820634561849356,Developed,13.281875,1.1375,8.303260744119353
Belize,69.26875,5.0466457316192885,2.8257961990356684,6.252666666666668,94.75,0.0,2.983026901056437,4.5591262474866845,1.6172737982018752,4.5558486306553805,8.33610397301821,170392.875,3.5562500000000004,3.4875000000000003,0.6939374999999999,2.5222225049789677,Developing,17.925625,3.8737500000000002,14.729218831711396
Benin,57.56875,5.596104460858013,4.308514638737202,1.0,62.57142857142857,1116.875,4.766805287524976,4.214901524761209,1.5338519254775054,4.218588164881428,6.836949931136858,3942978.9375,8.25,8.1375,0.4380624999999999,2.180417459019838,Developing,24.491875,26.488125,41.159549387120194
Bhutan,66.1625,5.439165675135416,3.694845993861719,0.2786666666666667,94.125,80.25,3.9400272018377436,4.492841001014172,1.6763486177167273,4.541964110084299,7.416801958921929,492584.9375,17.21875,17.925,0.183875,2.3248357019288655,Developing,20.560624999999998,10.71875,23.79278887083488
Bosnia and Herzegovina,75.96875000000001,4.173425268859446,1.9447487606190579,4.405333333333333,71.66666666666667,319.1875,2.080690761080268,4.360707232656287,2.168138996441123,4.363098624788363,8.2194903510787,1986993.0625,2.78125,2.75625,0.450375,2.5034830353609356,Developing,20.654374999999998,1.403125,9.601989790558772
Botswana,56.05,6.1050722113538844,3.261144772047367,4.67,87.3125,237.875,3.8215921523246252,4.566299411599098,1.7066856079813761,4.562393156632033,8.645653983618688,1063867.375,7.4375,7.8125,0.6303749999999999,2.496299833617443,Developing,33.97875,9.268125,22.455934135725876
Brazil,73.38125,5.01520815594139,3.006455820250213,7.213333333333333,96.1875,95.375,3.125800645588441,4.588151180818497,2.081855292903771,4.584329520116239,8.939138057664977,88128071.25,3.05,3.0125,0.7101875,2.650597626354125,Developing,18.6,3.01375,14.161214621780044
Brunei Darussalam,76.48750000000001,4.205625020390917,2.079597779474076,0.3786666666666667,97.875,7.3125,2.287217615862924,4.579852378003801,1.0367368849500223,4.572776118177087,10.39349432633829,,6.199999999999999,5.674999999999999,0.839375,2.6466179615837087,Developing,20.90875,2.970625,11.543065415727916
Bulgaria,72.85,4.832305758571839,2.323490053673942,10.865333333333332,94.5,1530.3125,2.5083790059731426,4.54595082632812,1.9790685675330486,4.543294782270004,8.571748092299227,5290923.9375,2.13125,2.15625,0.7546249999999999,2.6192189873955942,Developed,26.31,2.575625,12.239799818218923
Burkina Faso,55.64374999999999,5.531411248715415,4.3152105217922525,4.241333333333333,81.1,5091.75,4.930418960239455,4.23410650459726,1.798072831284647,4.347855650152707,6.182578072715546,6143694.8125,7.41875,6.9812499999999975,0.2296875,1.6875556916980523,Developing,25.240625,26.40125,41.17829073074712
Burundi,55.5375,5.675254391041663,4.237235661645771,4.103333333333334,93.33333333333331,1349.5,4.687682917562507,4.461588457510067,1.9585913069739824,4.45143608604605,5.278284038650957,3915446.6875,8.01875,8.012500000000001,0.3278749999999999,2.0123998903241462,Developing,30.12,35.135,49.735172970249934
Cabo Verde,72.51875,4.755205265481663,3.136010387037745,3.448,80.64285714285714,0.125,3.313276500289685,4.435271149192694,1.5592667951877368,4.3694478524670215,7.612604245429753,292600.25,8.012500000000001,7.975,0.57,2.501435951739211,Developing,15.5975,3.4575,14.661992152809091
Cambodia,64.34375,5.280026096575785,3.8627408452485232,1.4860000000000002,79.6,1880.8125,4.07369532665425,4.306595672369887,1.747575347605864,4.277533798029277,6.510234557734761,7145967.4375,10.14375,10.88125,0.4919374999999999,2.2900063107871853,Developing,24.572499999999998,10.5625,23.77896226847856
Cameroon,54.01875,5.686551537727839,4.2932637246454455,4.141333333333334,76.81818181818181,2979.25,4.769327772154375,4.283586561860629,1.551667546683888,4.240427067399849,7.037430424326358,9967291.9375,6.550000000000001,6.606249999999999,0.47,2.186753277468924,Developing,27.61625,27.56375,42.312893034527654
Canada,81.6875,4.168601332828593,1.6111863829682174,8.053333333333333,28.846153846153847,129.5,1.7608706161943097,4.446320985379279,1.953311264535624,4.511546083955424,10.594909313967594,11364053.8125,0.50625,0.4375000000000001,0.8921875000000001,2.7647455447787554,Developing,12.0825,1.1725,8.71315833199112
Central African Republic,48.51250000000001,5.808330160057001,4.6299420637295805,1.2313333333333334,42.57142857142857,699.4375,5.029865862373034,3.721165117611905,1.3960796618546878,3.7480324053189147,5.968162391148885,2016546.125,7.106250000000001,7.087500000000001,0.3355,1.830579461077637,Developing,39.546875,19.565625,35.03376308615962
Chad,50.3875,5.428248536140067,4.4827836014922955,0.4113333333333333,29.875,4687.75,5.062357663084799,3.4927124904979285,1.4768965058021715,3.288868196688236,6.536704369933651,4114092.0625,7.14375,7.043750000000001,0.316625,1.8062374884087082,Developing,24.48625,33.383125,48.35651480071716
Chile,79.44999999999999,4.153006474870687,2.038945015022503,6.978,77.2,1.0625,2.199444334074532,4.426342518448393,1.9331625762328108,4.486527405857319,9.213292618100791,14671763.9375,0.8875000000000001,0.9125,0.8013125,2.7013612129514133,Developing,13.2625,1.806875,10.198270823967722
China,74.2625,4.300680995219929,2.87976009730157,4.182000000000001,80.4375,65857.9375,3.049569205151741,4.539964775862816,1.5929019437940009,4.535954075299409,8.195708962049986,321812.0625,4.6375,4.025,0.66025,2.4368974306016398,Developing,20.166875,3.03875,13.268760297673241
Colombia,73.28750000000001,4.822295664976738,2.8382740464847256,4.419333333333333,79.0,9.5,2.9964507653769124,4.433788569232471,1.8468787684491346,4.371818458081358,8.49994389705927,31767432.625,2.3000000000000003,2.075,0.6818750000000001,2.5039941521622495,Developing,12.3225,3.0,13.657020476838376
Comoros,61.58125,5.484537563757649,4.173588874339632,0.1346666666666666,76.46153846153847,62.625,4.488341382407432,4.216746543734779,1.5752604606325138,4.203759348207967,7.060162176535872,532200.6875,7.275,7.1625000000000005,0.3246249999999999,2.298200494676222,Developing,22.304375,11.33125,25.477717820504715
Congo,59.04375,5.776878029726752,3.9498244426548963,2.1733333333333333,50.77777777777778,1021.625,4.354053059670444,3.9596219842274247,1.0941579383187294,4.0118683403978626,7.620916932595894,,8.4875,8.125,0.5283125,2.3112970335960674,Developing,29.09875,13.5375,27.618255532052093
Costa Rica,78.59374999999999,4.239526572066598,2.238579763018133,3.924666666666667,79.3125,0.1875,2.3907676588741382,4.247601986072144,2.154085084675602,4.378896741664954,8.829434426586822,2309299.4375,1.9625,1.90625,0.7369375,2.5523705752546766,Developing,10.933125,2.1174999999999997,10.98637399395887
Croatia,76.11875,4.48863636973214,1.680362250770799,12.448000000000002,96.22222222222224,23.6875,1.8341801851120072,4.5591262474866845,1.9975081589171495,4.557816489604621,9.337612149711775,1159772.375,1.74375,1.7187499999999998,0.7890625000000001,2.6309891549657483,Developed,19.755,1.330625,9.333803805614945
Cuba,77.97500000000001,4.052871314015525,1.6740545555200728,4.190666666666667,96.25,0.0,1.9350477952928002,4.591958292015861,1.860767155420083,4.542629667513193,8.51571817997001,,3.44375,3.268749999999999,0.7421250000000001,2.6874222333062425,Developing,17.225625,2.179375,9.841348664828399
Cyprus,79.675,3.991296186322654,1.2954118646427175,10.260666666666667,92.625,1.9375,1.4701758451005926,4.584967478670572,1.911022890054873,4.584967478670572,10.155963828905278,390274.375,0.9062500000000002,1.0,0.8330625000000002,2.604077610719232,Developed,11.6175,1.616875,8.373758896065965
Czechia,76.76875,4.274058555608974,1.1761518661235275,13.026000000000002,97.28571428571428,22.9375,1.3847306391437078,4.584967478670572,1.9530276168241774,4.586242176102573,9.658204850859024,,1.99375,2.0625,,2.4833429278118175,Developed,18.818125000000002,1.27625,8.111191060876209
Democratic Republic of the Congo,55.68749999999999,5.58114392002342,4.498677084752845,1.424,51.333333333333336,48922.6875,4.840948580437718,4.018632740486404,1.2693859428741683,3.7346889901452305,5.930526518743439,,8.14375,7.956250000000001,,1.5802665351338203,Developing,26.735,27.651875,42.572644585213986
Denmark,79.25625000000001,4.190601263630456,1.3675255742265082,10.707999999999998,,15.75,1.540757492129194,4.477336814478207,2.0570255023955037,4.477336814478207,10.845220093829989,4260081.375,1.1624999999999996,0.9375,0.8998749999999999,2.8445459456907476,Developed,14.664375,0.968125,8.067009329986158
Djibouti,60.75625,5.615634087879496,4.203824705549254,0.7639999999999999,78.0,113.875,4.41649599386636,4.315820056435613,1.955954770606774,4.319153392855371,7.420516383574241,634116.1875,5.84375,5.7,0.4184374999999999,1.5581446180465501,Developing,22.7575,18.17125,32.407204787295115
Dominican Republic,72.34374999999999,4.966335035199676,3.373055075715875,6.030666666666666,65.125,23.0,3.5706412367530773,4.325786916351006,1.5435829696380763,4.42109709615533,8.440410652245765,4448642.6875,3.46875,3.3750000000000004,0.6849999999999999,2.545040955340628,Developing,16.728125,4.028125,15.938156347668627
Ecuador,74.72500000000001,4.8837484441904015,2.8781093813239647,3.807333333333333,78.0625,20.75,3.0396594420276606,4.366278277705742,1.7715567619105355,4.490740895237055,8.279603652003578,8710592.0625,1.3812500000000003,1.26875,0.6988749999999999,2.565910433941087,Developing,13.286875,4.424375,15.22589226754203
Egypt,71.5,5.139468165939224,3.304273400380429,0.1886666666666666,96.6875,1069.25,3.4985320260060955,4.571484128333285,1.6763486177167273,4.571484128333285,7.6620681699251625,,3.125,3.075,0.6476249999999999,2.4760130520623225,Developing,29.203125,5.153125,17.09539859232575
El Salvador,71.74375,5.04382826145202,2.9514211260963887,2.6926666666666668,86.0625,0.125,3.118281709632498,4.409763389645481,1.9605641574424162,4.468060972015685,7.937514309674911,2930826.5,1.80625,1.725,0.6504375,2.5381511643068126,Developing,10.581875,3.41375,14.527281097180907
Equatorial Guinea,55.3125,5.6325549653678335,4.465290111635626,7.341999999999999,9.0,294.5,4.817803699842609,3.607533814659984,1.074774865854254,3.399111875171134,9.493599333360153,556765.3125,6.65625,6.599999999999999,0.5361875,2.1192630358665077,Developing,23.816875,24.33125,39.246898776846066
Eritrea,60.6875,5.732126947665344,3.769479698642604,0.608,86.42857142857143,175.0,4.138231853915017,4.475203859528065,1.243770274200002,4.409763389645481,6.049938444476712,2071919.3333333333,8.08125,8.01875,0.2553125,1.5943242746240522,Developing,30.21625,12.77125,26.411088500222963
Estonia,74.94375,5.133958510128255,1.5871923034867805,9.014666666666663,86.83333333333333,3.5,1.8253554186565706,4.54595082632812,1.7382414798183934,4.544623686120057,9.480210722655412,791848.6875,2.075,2.1375,0.8233125,2.768674822918645,Developing,22.200625000000002,2.10125,10.647756232271608
Ethiopia,59.11250000000001,5.6544609193234905,4.141754806485876,1.0746666666666669,64.11111111111111,3948.375,4.577869644455324,3.934273614362966,1.5895072769452219,3.8327091987084208,5.665725984664557,43950760.75,8.38125,6.475,0.346125,1.916922612182061,Developing,21.59875,25.96375,40.33783537026469
Fiji,68.7125,4.8283137373023015,2.984671326194566,1.462666666666667,98.875,50.0,3.1483460586776735,4.575998808687811,1.3602925585808898,4.518386055903201,8.295505977089585,650205.125,4.093750000000001,3.7937499999999993,0.7022499999999999,2.6519206695460147,Developing,40.184375,6.0125,16.97383112217454
Finland,80.7125,4.232293267473079,1.0163622855983707,9.552666666666669,,2.8125,1.2160248853500775,4.576642102373553,2.153388786631919,4.58751525074937,10.634380863666816,3493082.3125,0.9000000000000002,0.8062500000000001,0.8729374999999999,2.850345164553099,Developing,12.411875,1.11125,7.575930438421527
France,82.21875,4.292170305552021,1.3252497292365752,12.40466666666667,51.25,2661.625,1.5109978396208479,4.58751525074937,1.8803806608815832,4.585605030493252,10.504270986817838,27581733.125,0.6249999999999998,0.5999999999999999,0.8705624999999998,2.766319109226186,Developing,12.33875,1.033125,8.161542874409443
Gabon,62.243750000000006,5.395614207996271,3.8026963015004407,7.877333333333333,57.63636363636363,349.8125,4.215446159430975,4.047427642434349,1.1554126137105587,3.9982007016691985,8.91955037243673,1007302.3125,6.91875,6.775,0.6543749999999999,2.5187040293712912,Developing,26.359375,16.11625,29.530006668927687
Gambia,59.462500000000006,5.519959791735979,3.9021241732488985,2.1346666666666665,95.375,41.25,4.41925467868392,4.529907701487544,1.6693407051671432,4.483002552013883,6.582720365353357,,7.5875,7.50625,0.4201875,2.094945728215801,Developing,22.495,16.435625,30.2769636436688
Georgia,73.50625,4.74438850236454,2.893214934458638,5.623333333333334,77.25,1298.0,3.0143700069383623,4.396761294430818,1.992066462194835,4.42484663185681,7.766091790182331,10152.375,2.75,2.89375,0.6779375,2.539631549477247,Developing,27.6325,2.446875,13.09884844376154
Germany,81.175,4.26619481914876,1.3164082336557241,11.628666666666668,77.4375,1497.1875,1.505465322051122,4.551901257108751,1.4044616650753396,4.498419816041211,10.53983888373473,38757347.4375,1.1187499999999997,1.1062499999999995,0.8945000000000001,2.8094026953624978,Developed,13.759375,0.991875,8.079943374855606
Ghana,60.8625,5.193304012844747,3.9316785630865874,1.2686666666666666,67.5,3419.75,4.332516289361254,4.3686564001107095,1.4652595654181855,4.302374475726262,7.2620818626331625,11534782.625,7.65,7.574999999999999,0.525875,2.252606723187804,Developing,24.96375,15.24375,28.70124886529259
Greece,81.21875,4.29898464197175,1.3982538109550444,8.803333333333333,88.9375,24.875,1.5272783825391267,4.515655678780343,2.2015116709006097,4.570837506907586,10.006171099907485,1550208.4375,0.8125000000000001,0.7312500000000003,0.8423125,2.768674822918645,Developing,13.79875,1.199375,8.423891835465922
Grenada,73.29375,5.035327906686628,2.5661505588071707,8.843333333333334,95.46666666666668,0.0,2.719154980834316,4.55519181618185,1.8227196623096311,4.5604342921467,8.832208553254251,,3.91875,3.93125,0.2331875,2.7217065275496957,Developing,22.5625,3.75,14.070633446328113
Guatemala,71.73125,4.8766275975808515,3.4544418961809678,2.268666666666667,87.0909090909091,0.0,3.6645387327275922,4.26882294155503,1.8861601446495393,4.449247103048668,7.8488109879597525,5933907.5,1.3375,1.3375,0.5844374999999998,2.2887396861719926,Developing,15.9575,5.086875,17.08248322648941
Guinea,56.0125,5.560200746178177,4.392827470082126,0.1646666666666666,58.66666666666666,1522.0,4.8632947061975464,3.9596219842274247,1.3886249764581728,3.86859344750081,6.423418360675562,4252798.9375,7.64375,7.624999999999999,0.3647499999999999,1.9706027616456845,Developing,24.63875,25.677500000000002,40.493822922457845
Guinea-Bissau,55.36875,5.064570927761894,4.391775831439559,2.26,75.0,331.3125,4.862850420572537,4.314149212270796,1.769968199225398,4.178226046202803,6.211603586617289,981883.1875,7.500000000000001,7.38125,0.2541875,2.114748355511981,Developing,29.125,24.2775,38.59669717977398
Guyana,65.6375,5.317813574353539,3.465384278487143,7.406000000000001,88.2,0.0,3.6744476903739005,4.4744918623459755,1.8056623743970464,4.479465229613033,7.861841014356128,494437.25,5.681250000000002,5.46875,0.6198125000000001,2.378388056409546,Developing,33.563125,4.7006250000000005,17.158270543214584
Haiti,59.868750000000006,5.125822370571818,4.162908174924015,5.486,40.66666666666666,71.9375,4.53525054589804,3.9855057821879494,1.8218575003853346,3.871201010907891,6.380768592092304,3852657.6875,4.24375,4.2562500000000005,0.4620625,2.134166441369082,Developing,33.59625,25.1425,38.96648109139387
Honduras,72.99374999999999,4.955827057601261,3.113431972404626,3.0420000000000003,95.0625,0.0,3.2899864523261537,4.557816489604621,2.097690675347699,4.5604342921467,7.406045262769995,2832386.5625,2.4000000000000004,2.3375000000000004,0.590125,2.3876153421786213,Developing,18.11625,5.234375,16.593620482332042
Hungary,73.82499999999999,4.990857666487582,1.7888385408003913,11.427333333333332,,2.0625,1.9553299290073636,4.594488337641231,2.0500985494829616,4.59511985013459,9.334885302802252,1604902.25,1.9187500000000004,1.9125000000000003,0.8043125,2.7159356953762,Developed,25.543125,1.460625,10.195651136295336
Iceland,82.44375000000001,3.899444223221286,0.8525518909071482,7.466,,0.0,1.0870878028161557,4.497028027368389,2.1454633372218335,4.497028027368389,10.762589340852982,186177.625,0.9562500000000002,0.9000000000000002,0.8853124999999998,2.8990148540521847,Developed,10.71,0.993125,6.832208916944589
India,65.41874999999999,4.987451958640598,3.92259195677738,1.942,35.0,46454.1875,4.20037360436629,4.243123698247448,1.4721662001938545,4.205625020390917,6.931243623333119,421467690.9375,27.1,27.94375,0.5495000000000001,2.300708332981186,Developing,23.408125,10.49375,23.60416751978427
Indonesia,67.55625,5.115370614360164,3.443218656757893,0.0686666666666667,73.5625,16244.9375,3.6593219018716105,4.130154014918811,0.9795784711100736,4.281860935893159,7.715355264335998,116555259.4375,3.41875,3.94375,0.6414374999999999,2.452082104139957,Developing,25.9175,7.836875,20.054786172989665
Iran (Islamic Republic of),73.85624999999999,4.672828834461906,2.98858176952515,0.016,97.75,2828.25,3.157771400464912,4.58751525074937,1.8389610707123494,4.588786706737567,8.443100894970689,,7.768750000000001,7.956250000000001,0.715,2.5381511643068126,Developing,17.246875,5.47,16.28918200445197
Ireland,80.15,4.28272412109997,1.4306102448944016,12.654,86.83333333333333,174.5,1.59875606408724,4.4557997293338225,2.0449363595801,4.4557997293338225,10.795649058466944,3599794.5625,0.2999999999999999,0.2187499999999999,0.8915,2.8710898283467143,Developed,13.3525,1.0925,8.404590430081612
Israel,81.3,4.085976312551584,1.4271663543901874,2.497333333333334,97.4375,138.9375,1.643356130637561,4.54595082632812,2.0120545229779805,4.48863636973214,10.246403855332641,27862.875,1.14375,1.1,0.8731875,2.754456573916366,Developing,11.351875,1.253125,8.409623797579332
Italy,82.1875,3.9924502545407607,1.2966089575603637,8.266666666666667,95.5,1961.375,1.4605027746577792,4.565649427825808,2.1721726409375206,4.5512418439625355,10.38066754092716,27643788.9375,0.5125,0.525,0.8580625,2.7682825891422884,Developed,11.331875,1.035625,7.785186986758903
Jamaica,74.29375,4.9505313700265505,2.7841235026351003,3.624,83.15384615384616,0.1875,2.939525612535956,4.495634298919785,1.6378309869353185,4.492141455690086,8.379806980903329,1500309.125,1.88125,1.7374999999999998,0.7096250000000001,2.507564673680584,Developing,16.466875,3.349375,14.023555485197608
Japan,82.5375,4.045241849214369,0.9460922231109448,7.040666666666667,,6875.8125,1.2581058129058633,4.564348191467836,1.8675881822798435,4.566948973167894,10.559584330437946,97384.0625,1.8125,1.5437499999999995,0.8765624999999999,2.706382144001513,Developed,9.889375,0.99625,7.245689885231177
Jordan,72.9875,4.738935926151084,2.925510969280922,0.5173333333333333,97.0,26.5,3.0875705240902103,4.575998808687811,2.1726282564059534,4.574710978503383,7.981000165192154,4895075.6875,3.8875,3.86875,0.729,2.5830537109275244,Developing,19.30375,3.6262499999999998,14.378267419522215
Kazakhstan,66.7625,5.447006731937299,3.130099254477355,6.641333333333333,97.3125,1246.9375,3.2573751240188105,4.579852378003801,1.3911160513991043,4.56889513012338,8.843059210600558,8340547.4375,2.4375,2.5437500000000006,0.7450625,2.64084145140876,Developing,33.905625,4.139375,15.973856110433466
Kenya,57.48125,5.853817554149773,3.8088268125996962,1.602,74.57142857142857,2643.875,4.241848199327565,4.251170232498662,1.5408735205652162,4.255612709818223,6.709983966733983,16826787.625,8.4,8.2875,0.497125,2.299455199985118,Developing,21.9875,12.693125,26.597617566077034
Kiribati,65.14999999999999,4.863198139155803,3.9008609407219543,0.4406666666666667,75.1875,0.0,4.170079929687539,4.3208159036289855,1.7453664296583444,4.316654432787733,7.177092562588118,35919.9375,0.15625,0.1374999999999999,0.36375,2.4590545110402626,Developing,53.774375,11.266875,24.201014009565295
Kuwait,73.84375000000001,4.421848128860553,2.223000613651203,0.0213333333333333,98.1875,15.375,2.375312648525285,4.58687891601584,1.0329472072738328,4.590056548178043,10.501175362005142,,3.2812500000000013,3.15625,0.7895,2.6192189873955942,Developing,14.3575,2.403125,11.423286391037042
Kyrgyzstan,69.08125,5.157257707502723,3.414565956067699,2.267333333333333,85.5625,1156.625,3.5522002551986827,4.563045259687421,1.8113442078644775,4.570190467092065,6.638185607110393,,3.35625,3.4125,0.6220625000000001,2.5126434047596,Developing,30.0625,3.600625,15.724648918769105
Lao People's Democratic Republic,62.38125,5.2841550527355325,4.058577046580047,3.505333333333334,60.30769230769231,552.75,4.356596640909823,4.0743544173455986,1.2366335865654843,4.119037174812473,6.913164259864183,,6.275,6.3812500000000005,0.5156250000000001,2.2225944672975526,Developing,29.288125,16.496875,30.1962037402254
Latvia,73.73125,5.086438257511756,2.0342153315746376,8.864,88.9375,3.3125,2.225704048658088,4.554534570019512,1.8455108511526512,4.553876891600541,9.240885157389206,1174562.6875,2.40625,2.43125,0.7924999999999999,2.7452657000283534,Developed,26.605625,2.5725,11.91885763774448
Lebanon,74.2,4.17918344215913,2.393853022994674,1.785333333333334,70.5,295.1875,2.546658087489285,4.26619481914876,1.897719804957849,4.255612709818223,8.709929898232094,2489104.5,4.768750000000002,4.718750000000001,0.4696875,2.6205841753209342,Developing,20.368125,2.88125,12.000944552643087
Lesotho,48.78124999999999,6.310031908134031,4.317104706711973,2.0866666666666664,73.23076923076923,266.6875,4.652143223992853,4.218588164881428,2.029112694344378,4.374970548949673,6.836723347226968,1200527.5625,7.187499999999999,7.068749999999999,0.4568125,2.3661465744837904,Developing,40.38125,11.13125,26.410529838838855
Liberia,57.525,5.50913526817161,4.456974655673464,3.2580000000000005,49.125,705.3125,4.810577373812004,4.084925340305609,1.923372356029947,3.705920919968788,6.1288729130739386,2788942.625,7.8375,7.7625,0.3894375,2.2893731990218154,Developing,19.361875,23.44875,38.22543729765708
Lithuania,72.80624999999999,4.764308407326388,1.8069559161093374,12.632666666666667,94.75,14.9375,2.024110501293178,4.486527405857319,1.8790578420674726,4.54595082632812,9.246109101307487,1926212.125,2.9375,2.96875,0.8066874999999999,2.7788192719904172,Developed,24.186875,2.34125,10.936624824728902
Luxembourg,80.78125,4.213053095399427,1.0477574946164607,11.922,92.375,1.125,1.2436141020980287,4.585605030493252,2.021194299987808,4.594488337641231,11.42269981911466,265276.375,0.95,0.9125000000000002,0.8781250000000002,2.612823351159189,Developed,12.495625,0.69,7.194424692113916
Madagascar,62.74375,5.432902890880455,3.9543159176183975,0.8200000000000001,63.35714285714285,9576.1875,4.359173735023417,4.093302352643657,1.5498294408287892,4.114963849424837,5.894074630203456,10950267.4375,7.868749999999999,7.78125,0.4566874999999999,2.2333689823053637,Developing,28.00625,22.2825,36.02889254352227
Malawi,49.89375,6.05076476287401,4.126055173873893,0.9193333333333332,89.57142857142857,7559.4375,4.625303640907719,4.48933837046297,1.8959192643093623,4.426342518448393,5.8654375452390335,6700263.0625,7.11875,6.987500000000001,0.410625,2.325446762137308,Developing,27.449375,18.725625,33.52774857765562
Malaysia,73.75625000000001,4.775440247695233,1.9702542688733826,0.4906666666666667,96.0,1453.125,2.1256987386900303,4.568246831883494,1.3214002212019,4.56889513012338,8.94867602090556,11529155.8125,8.6125,8.40625,0.749125,2.5307161858192946,Developing,19.8275,2.866875,11.738268255258646
Maldives,75.5375,4.42109709615533,2.8139480723586527,1.407333333333333,97.875,157.875,2.9904998583138274,4.5836911543109675,2.108595731332409,4.5836911543109675,8.63800675617622,3334.25,14.19375,14.2875,0.6386249999999999,2.4849066497880004,Developing,18.791875,3.771875,13.997420026827811
Mali,54.9375,5.3088863178972705,4.418351030141688,0.438,67.15384615384616,823.3125,4.974619439891886,4.135166556742356,1.875283290276707,4.204692619390966,6.383721049714337,5781492.875,7.075,6.3500000000000005,0.3651874999999999,1.8611689206002227,Developing,23.889375,28.026875,42.72873178793085
Malta,80.36250000000001,4.1067670822206574,1.8052102669521781,7.130000000000001,80.53846153846153,2.1875,1.9394608253754062,4.49354005731667,2.1513745312251435,4.492141455690086,9.82019130004151,224742.4375,0.7499999999999999,0.7124999999999999,0.8111875,2.66069650471874,Developed,12.68625,1.06625,8.917688174548243
Mauritania,62.8,5.074783113920008,4.154223808275813,0.0133333333333333,57.63636363636363,815.9375,4.614897719746602,4.144126298113828,1.369995588150388,4.096425728425925,6.895726369501101,1262286.1875,6.48125,6.81875,0.4730625,1.9904395483638906,Developing,16.99625,10.359375,24.203279641942423
Mauritius,72.7125,5.097195180290365,2.5991185015363065,2.906666666666667,96.1875,54.3125,2.7435379940317635,4.56954300834494,1.5095439096134569,4.567598113080335,8.853278680358065,663332.875,7.46875,7.4125,0.722625,2.605001825202763,Developing,26.195625,2.3625,12.802351675858436
Mexico,75.71874999999999,4.71009310591487,2.898704995379688,5.114,94.4375,11.0,3.0604075040964056,4.554534570019512,1.804017366623557,4.553876891600541,9.096847696350002,27585265.1875,1.7312499999999995,1.6687499999999995,0.7288749999999999,2.5116297199287536,Developing,16.193749999999998,2.9375,13.606705605390964
Micronesia (Federated States of),68.2,5.03735836423701,3.5405244468832544,2.1453333333333333,75.4375,8.75,3.7598765657690576,4.411281992822671,2.402973267025314,4.405193693955416,7.861957229952847,,0.2125,0.20625,0.5868125,2.341805806147327,Developing,44.66375,8.266875,20.604634376889322
Mongolia,65.8875,5.403240286474816,3.4427591025174102,2.354,97.4375,2079.25,3.659917192656552,4.580493198275651,1.6449337481189408,4.578569504190912,7.677092409299589,2037470.6875,2.28125,2.3875,0.6620625,2.5391383312181732,Developing,41.8475,5.53625,18.04216658164878
Montenegro,74.5,4.529907701487544,2.0437334022101417,2.584285714285713,48.5,0.625,2.1651173918337165,4.4343818650078095,2.004089205883124,4.436751534363128,8.450308298901058,329668.1875,2.1375,2.1875,0.58375,2.3719945443662134,Developing,24.3875,1.526875,10.265633495531404
Morocco,72.15624999999999,4.5558486306553805,3.4307561839037,0.5186666666666667,87.25,2593.0,3.5880572358991185,4.5740664409367575,1.6942691368394343,4.576642102373553,7.792504476635039,20591653.9375,6.456249999999999,6.3125,0.5854999999999999,2.330929566003188,Developing,24.831875,4.163125,15.737787050458198
Mozambique,53.39375,5.421640582580036,4.397392350084702,1.2660000000000002,67.86666666666666,4735.0,4.793768875298619,4.23410650459726,1.787193505507277,4.159859169332727,6.081597926946894,11729745.9375,3.80625,3.71875,0.3608125,2.0778778197036534,Developing,30.6775,24.6275,39.24030180796336
Myanmar,64.2,5.038979767105398,3.972106304285153,0.3513333333333333,65.46153846153847,914.5,4.267921397928843,4.258268753876339,0.6994605426165373,4.281860935893159,6.576970694820796,26015702.0,13.13125,13.424999999999995,0.4882500000000001,2.1192630358665077,Developing,29.708125,14.165625,27.444632469319398
Namibia,60.400000000000006,5.746802052719944,3.66276004288031,4.710666666666667,86.33333333333333,722.0625,4.109602564611081,4.363098624788363,2.001299803795545,4.42484663185681,8.322478476912408,1025527.125,10.699999999999998,10.70625,0.5883125000000001,2.446685436967803,Developing,27.335,13.365,26.884164660211333
Nepal,66.48125,4.992131822531696,3.7579973177890387,0.19,65.38461538461539,4663.5625,4.0114949675354685,4.235916459842499,1.7731428050661704,4.29983317829759,6.136954769433917,14633755.5625,17.13125,17.66875,0.494375,2.344806108428008,Developing,19.62875,8.943125,21.704749107856202
Netherlands,81.13125,4.121067632362855,1.4235600394373686,8.846666666666666,48.2,251.9375,1.5998924995905688,4.572776118177087,1.9658995002807071,4.572776118177087,10.707430712141345,9775704.375,1.025,0.9625,0.8997499999999999,2.8365167054745117,Developed,13.426874999999999,1.051875,8.196395171390792
New Zealand,81.33749999999999,4.269697449699962,1.6652273340761419,9.16625,70.1875,94.9375,1.8550276525781402,4.49003987873446,2.1833510050703477,4.257384189466605,10.291265408358042,,0.3124999999999999,0.2999999999999999,0.8911875,2.9375071144730116,Developed,12.953125,1.421875,9.211827436354245
Nicaragua,73.45,5.0899084749907635,3.13511370876287,3.5966666666666667,91.875,0.0,3.3136631407302684,4.479465229613033,1.906674197690693,4.520428957533,7.249153798397761,1999846.9375,1.96875,1.875,0.6035,2.408070600840023,Developing,15.70875,4.715625,16.254310324483903
Niger,56.98125,5.448621371685289,4.271479078439734,0.0913333333333333,60.57142857142857,15467.125,5.01457751332888,3.969111972412273,1.883629394703382,3.9572353482496943,5.684555788995293,11240718.9375,9.025,8.9125,0.298125,1.3909709090037925,Developing,21.57875,41.5825,56.31717796345391
Nigeria,51.35625000000001,5.5154428455366835,4.515812877633799,8.646666666666667,42.90909090909091,51653.9375,5.002098963073969,3.721165117611905,1.3112115549955345,3.6715425344606594,7.4988024499706105,70877003.0625,10.41875,10.36875,0.367375,2.1972245773362196,Developing,19.884375,26.84875,41.882104686244446
Norway,81.79375,4.193435464866331,1.0988206003030676,6.234375000000001,,6.3125,1.3083328196501787,4.533271310444228,2.2067347673372115,4.476626334874608,11.225934898051426,2614432.3125,0.7625000000000003,0.6999999999999998,0.9314374999999998,2.8604135703553726,Developed,11.876875,1.00875,7.609338884819578
Oman,74.84375,4.21582445975981,2.391625659784775,0.5346666666666667,98.8125,10.875,2.5422415526824693,4.590056548178043,1.0566322164272268,4.592591403781231,9.637594116768675,,7.024999999999999,6.824999999999999,0.7155,2.5034830353609356,Developing,31.910625,2.729375,11.879066672227054
Pakistan,64.5,5.0369526024136295,4.293707584870907,0.026,67.3076923076923,3842.3125,4.517356214278196,4.161808487688777,1.0660890969625494,4.260917762047916,6.784928194903102,69027961.8125,15.0875,15.5125,0.500875,1.904902125327936,Developing,32.413125,9.895,23.743016401562734
Panama,76.4875,4.752512023886019,2.9023483623025834,6.212,78.66666666666667,0.25,3.063244883327291,4.43896801107402,2.0440733978420447,4.382026634673881,8.916300769131974,1955021.875,2.0812500000000003,2.0187500000000003,0.74825,2.547490136089768,Developing,11.865,3.68125,14.399355269515894
Papua New Guinea,61.68125,5.585608737685998,3.845148424493027,0.5806666666666666,57.0,2349.875,4.1064172267896994,4.13616605707544,1.6979370710165151,4.225007260742145,7.427269299163694,4813446.0,1.4062500000000002,1.3625,0.4661874999999999,2.1452000214901226,Developing,34.836875,10.703125,24.240299388968726
Paraguay,73.1125,4.941195894358974,3.1536170444061464,5.527333333333334,82.15384615384616,0.0,3.331087815475129,4.355907223440255,1.9137804257789883,4.495634298919785,8.135879068865794,3299080.625,2.2,2.11875,0.6561875,2.498871190138373,Developing,16.6875,4.148125,15.57402575424025
Peru,73.66250000000001,4.8076006957047595,2.9404507736790966,4.278666666666666,83.6923076923077,0.375,3.19619556114498,4.416579016180541,1.594662626851946,4.394449154672439,8.31720212697937,16854321.6875,1.2187499999999998,1.2187499999999998,0.7032499999999999,2.5882338496596526,Developing,11.059375,4.411875,15.356122030528837
Philippines,67.57499999999999,5.38420832443587,3.2492837810395834,4.510666666666666,62.125,7144.6875,3.503302604599309,4.35910978822713,1.3623431402973774,4.3710288804643405,7.487443730301483,37265400.3125,1.0,9.69375,0.6504375,2.4461441649654128,Developing,24.348125,4.955625,17.092419710074765
Poland,75.65,4.678072073971758,1.7770687538180514,9.99866666666667,97.375,47.4375,1.9233358270167742,4.572130331909891,1.8530635986889616,4.592591403781231,9.217893270306753,16053249.625,2.20625,2.3625,0.8131875,2.7245795030534206,Developed,21.75625,1.5318749999999999,9.910351654806583
Portugal,79.99375,4.0754165523365815,1.2892326482767593,12.211333333333334,87.625,7.25,1.526328005711094,4.56954300834494,2.0735073021916444,4.574710978503383,9.868173338521714,1032225.375,0.7187500000000001,0.5374999999999999,0.8049999999999998,2.768674822918645,Developed,13.303125,1.50625,8.397227206324434
Qatar,77.03125,4.3224756550473495,2.138668127876196,1.0813333333333333,95.0625,96.25,2.292092740273562,4.563045259687421,0.9560241340927552,4.49633140595394,10.989441489537814,,4.956249999999999,4.5875,0.8283750000000001,2.553343811341229,Developing,20.06625,2.401875,11.155111523197107
Republic of Korea,80.4875,4.3331974072414905,1.4651344228276666,8.855333333333334,95.125,3548.4375,1.6218604324326575,4.513602992462601,1.7769841836459006,4.5649990212988145,9.940016840101896,,1.5375000000000003,1.01875,,2.4368974306016398,Developing,12.14875,1.454375,8.874567262501815
Republic of Moldova,69.98124999999999,5.348594519839047,2.8320361808832013,9.545333333333334,95.0,390.875,2.9924769808333185,4.553218780355992,1.9397004324209997,4.28788764376002,7.344175090233696,,3.025,3.2,,2.3632097148104805,Developing,29.525624999999998,3.275625,14.448732681555565
Romania,74.05000000000001,5.050256568039992,2.5579537916029924,8.968666666666667,91.8125,1365.6875,2.7217476282258075,4.5512418439625355,1.6635472380811323,4.553876891600541,8.77470597211718,9206345.625,3.16875,3.50625,0.762625,2.6336857858133476,Developed,24.168125,3.019375,13.349332987868792
Russian Federation,67.76249999999999,5.414154064873737,2.3881892302861942,11.127999999999998,92.33333333333331,1616.4375,2.540715774116504,4.580493198275651,1.8283056688855215,4.575998808687811,9.071279220084827,59762085.625,2.44375,2.60625,0.7621875,2.6205841753209342,Developing,32.933125,3.546875,13.889934069276435
Rwanda,59.3125,5.508628939046869,4.09437581173383,5.635999999999999,96.0,505.875,4.545466624240571,4.483002552013883,1.848559794270504,4.492841001014172,6.1235574923958245,3735506.5625,6.6312500000000005,6.65625,0.4176874999999999,2.2286694100438775,Developing,25.46875,28.806874999999998,42.955346375021264
Saint Lucia,73.6,4.985317486111966,2.814472652706414,11.511333333333337,89.28571428571429,0.0,2.955691224016807,4.44117958587886,1.9348010518535697,4.428582161041898,8.865531482387008,,4.35,4.38125,0.6647499999999998,2.54209399839452,Developing,18.010625,3.33125,14.086731362835188
Saint Vincent and the Grenadines,73.475,5.024291620543742,2.8871373662195,6.11,93.0,0.0,3.0079078494841247,4.5836911543109675,1.5719437080065202,4.588151180818497,8.63517611568134,,3.6625,3.6125,0.6572500000000001,2.5787953652449476,Developing,21.3675,4.244375,15.163711836247366
Samoa,73.61875,4.894569533079366,2.7727059028738625,2.704,54.9375,0.5625,2.9413750796901703,4.047427642434349,1.6724753074454044,4.142142170478781,8.014404062962857,131440.125,0.2,0.16875,0.6784375,2.5371630219339187,Developing,32.673125,4.54875,15.157400515643399
Sao Tome and Principe,65.1625,5.105566614263543,3.661845430684303,4.191333333333334,83.3076923076923,0.0,4.0100567456995115,4.5060402200809015,1.8849461839541726,4.55519181618185,6.920258137756535,108853.9375,6.6375,6.55625,0.5282500000000001,2.327887275856264,Developing,21.526875,10.985,23.762468790647354
Saudi Arabia,73.46875,3.9536446801189653,2.5171923132859693,0.0746666666666666,96.8125,759.3125,2.6707376662182303,4.572776118177087,1.36728142193796,4.573421487673511,9.723829296405711,,7.35625,7.368749999999999,0.7826249999999998,2.586823743668066,Developing,25.205000000000002,2.9475,12.089074659623165
Senegal,62.56875,5.160132305242167,3.8976451374821903,0.3093333333333333,86.41666666666667,3248.75,4.41923962456436,4.32330449885775,1.5969603909229877,4.360707232656287,7.0030462559498154,5413842.6875,8.09375,7.9875,0.4325625,1.9636097261547143,Developing,21.238125,22.18125,35.65826706728871
Serbia,73.95625,4.87089418483742,2.024523263919255,8.682666666666668,90.75,73.8125,2.1660491913492246,4.549921711757613,1.8243342151602289,4.535954075299409,8.457794338594221,3608279.875,2.39375,2.425,0.7416875,2.605001825202763,Developing,25.495,1.70125,10.7627166401059
Seychelles,72.37500000000001,5.082568283641564,2.490878366872509,6.201333333333333,98.6875,0.6875,2.6408860136957037,4.590056548178043,1.3355272440662374,4.590056548178043,9.27456744969898,61543.8125,5.906249999999998,6.3,0.6908124999999999,2.557711690161306,Developing,22.50625,2.96375,13.178082664209777
Sierra Leone,46.1125,5.880009106182659,4.754107298762462,3.154666666666667,83.44444444444444,673.875,5.189826957881283,4.273187854639731,2.2211580942983167,4.278400724828264,5.996701387030084,3336264.5625,7.68125,7.1,0.3618125,2.107937886509454,Developing,24.58875,35.300625,51.1245683628264
Singapore,81.47500000000001,4.127134385045092,0.8631536334610264,1.7625000000000002,95.875,85.75,1.1002775679871708,4.565649427825808,1.3050843056943475,4.566299411599098,10.574036922121365,,2.1250000000000004,2.06875,0.8668750000000001,2.6377171462563025,Developed,12.52,1.0575,7.1480655864932885
Slovakia,74.75,4.7712141452617285,1.8560049786918982,10.473333333333333,98.5625,0.25,2.0435714588899496,4.589421829019952,1.9982314862542925,4.5913247791660385,9.440313971098501,,1.3437500000000002,1.4250000000000005,0.8033124999999999,2.6637499422056305,Developed,21.601875,1.78,10.450790582843577
Slovenia,79.73125,4.336473413447391,1.135426261790826,10.754666666666669,,6.0625,1.3346720652488657,4.5558486306553805,2.181019914042202,4.553876891600541,9.90030138150961,401279.0625,1.7687499999999998,1.79375,0.8604375,2.801844080388571,Developed,15.135,1.160625,7.967196740487083
Solomon Islands,67.7125,4.942088751561146,3.12162125596397,0.8006666666666665,78.625,0.0,3.295952600047627,4.4744918623459755,1.8353509584882495,4.3224756550473495,7.1400531262136,329044.1875,1.24375,1.2624999999999995,0.4802499999999999,2.156113189093788,Developing,37.841875,5.653125,17.01278760757274
South Africa,57.49999999999999,6.022842082800238,3.677929092146294,7.588666666666666,66.5,1506.0,4.121138623757712,4.17918344215913,2.116978145208562,4.251170232498662,8.604715038976655,29213839.465000004,9.175,11.075,0.6290624999999999,2.556742697837425,Developing,31.21875,10.85375,24.675659798704245
Spain,82.06875,4.153006474870687,1.2532985393374119,10.024,92.5,449.875,1.458324282764339,4.572130331909891,2.144370611543324,4.572130331909891,10.188062346575041,26542854.125,0.5999999999999999,0.5,0.8505625,2.794610087296319,Developed,11.7525,1.163125,8.027754296972438
Sri Lanka,73.4,4.9724140812760576,2.411103118466952,2.096,90.6153846153846,1420.4375,2.614792081049015,4.588786706737567,1.3274286082528544,4.589421829019952,7.708926467650478,10844.8125,15.325000000000005,15.36875,0.7251875,2.5816362762465515,Developing,16.90875,5.454375,15.452684280792024
Suriname,70.08125,5.111987788356544,3.1005707779876626,4.984,85.27272727272727,0.0,3.2200251641247224,4.359908829420263,1.896519804813849,4.4135555822825445,8.717425068943493,190916.625,3.5125,3.45625,0.4810624999999999,2.470215934377997,Developing,21.9675,3.693125,15.12570873046893
Sweden,82.51875,4.080710370946297,1.0233498041675628,6.926666666666666,59.2,18.9375,1.220829921392359,4.588151180818497,2.2958289884970378,4.588151180818497,10.76956063436083,5514868.3125,1.3500000000000003,1.3062500000000004,0.893125,2.7643517664708517,Developed,11.103125,0.96375,7.288640096506219
Switzerland,82.33125,4.020877410340228,1.4241619958137093,10.337999999999996,,397.5,1.5824520473491135,4.557816489604621,1.8062101095260388,4.549260991548575,11.085248389764706,5913241.8125,0.5374999999999999,0.39375,0.9110625,2.7339615828867108,Developed,10.325625,1.0,8.02749145350305
Syrian Arab Republic,70.85,4.938960257389365,2.850272881492603,0.8046666666666666,64.125,295.6875,3.0397192542174025,4.171498485989746,1.3728713407877495,3.8802743071135657,6.991577702713069,6741444.8125,6.449999999999999,6.2562500000000005,0.6180625,2.3961892729532703,Developing,22.83375,12.305625000000001,23.13457739309937
Tajikistan,66.65625,5.179322659614407,3.7986443188711014,0.3306666666666666,84.42857142857143,208.1875,3.968533292612716,4.480881660444746,1.7313015001909409,4.491441420659749,6.37311539147178,4751355.0,3.80625,3.85,0.5838125,2.368489867881764,Developing,29.59125,2.721875,15.668375271098224
Thailand,73.08125,5.0775148229358,2.599722324216582,6.131333333333332,97.0,4311.9375,2.752864216892003,4.588151180818497,1.3237094859282692,4.58687891601584,8.297713996965864,31170509.5,8.54375,8.7,0.6946875000000001,2.529720665577793,Developing,15.985000000000001,5.468125,15.898226364044383
Togo,56.66250000000001,5.740797230833502,4.126267073555323,0.9473333333333332,76.625,532.5,4.559270216180287,4.207487218321982,1.656957428402077,4.308279174451001,6.464282401071245,3722045.5625,7.86875,7.7375,0.4459374999999999,2.365559892155434,Developing,27.005,19.781875,34.20820952056911
Tonga,72.53124999999999,4.864645666549691,2.6846109693684475,1.1673333333333331,75.5,0.25,2.836223514825193,4.342180726126682,1.6498118065723737,4.252949592398739,8.071402036684155,26589.8125,0.1,0.1,0.6988125000000001,2.6545615161512237,Developing,26.481875,3.975625,14.361105150743331
Trinidad and Tobago,71.06875,5.096048171944386,3.0762171911306218,6.044666666666666,54.92857142857143,0.0,3.1945319014786833,4.336473413447391,1.6485304122401967,4.197201947661808,9.589720601176836,776133.125,6.1375,6.50625,0.7533749999999999,2.5121366907887883,Developing,23.4775,3.135625,14.50242226455369
Tunisia,74.35625000000002,2.9311937524164198,2.8921756853956904,1.3106666666666666,96.75,33.1875,3.0539127343703925,4.581773608181695,1.8004989462814558,4.581773608181695,8.167707918575285,3274493.1875,6.406249999999999,6.3375,0.692625,2.643067136725489,Developing,17.329375,3.743125,12.620407172182503
Turkey,73.9125,4.588786706737567,2.9787132683843964,1.4213333333333331,87.0625,5272.9375,3.151934419114319,4.392131656532076,1.7259757286820518,4.391357962102766,9.056333534038028,33501352.8125,5.0125,4.849999999999999,0.7033125,2.539631549477247,Developing,18.1075,5.10375,15.823184394236282
Turkmenistan,64.61874999999999,5.369765554610052,3.7513406237376725,2.6546666666666665,97.28571428571428,15.125,3.913621726791843,4.5597804836892815,1.039805458112023,4.568246831883494,8.386616336131874,2635550.1875,3.3375,3.3625,0.211625,2.285566087824451,Developing,35.166875,5.02625,18.060977905139566
Uganda,55.70625,5.704407279425043,4.089038845098569,8.050666666666666,63.42857142857143,12394.625,4.5557567025955885,4.181095488630755,2.144995172419275,4.172462341486053,6.184039034826202,15540587.125,6.2625,6.25625,0.4453125,2.360264204580724,Developing,26.16,18.968125,33.3173278271192
Ukraine,69.9375,5.326661839557179,2.440443050025895,7.369333333333333,54.625,5395.1875,2.591937644418591,4.399835854885064,1.9135837109165463,4.248495242049359,7.770262952327502,10004933.25,2.575,2.6750000000000003,0.7165625000000001,2.681449519305031,Developing,31.643125,3.01625,13.375292534001664
United Arab Emirates,75.7,4.205625020390917,2.067890711961391,1.75,93.875,75.625,2.2222558859501507,4.554534570019512,1.110760422603757,4.549921711757613,10.539284107290957,,5.18125,4.968749999999998,0.8195625000000001,2.550421256898627,Developing,22.106875,2.194375,10.690146618302458
United Kingdom of Great Britain and Northern Ireland,80.79375,4.253838086459854,1.5572231409853612,11.13125,,715.75,1.7157105120168947,4.531254503037923,2.1440581847658082,4.531254503037923,10.605757691194201,,0.7499999999999998,0.50625,,2.524728143974672,Developed,13.485625,1.063125,8.58989673946211
United Republic of Tanzania,56.00625000000001,5.7184658115667615,4.010691177224848,3.5826666666666664,73.5,3348.5625,4.454419968031455,4.423348504235788,1.5478461564274597,4.31331274212583,6.426351192320232,,7.425000000000001,7.356249999999999,,1.5943242746240522,Developing,19.628125,14.91875,29.102326956823063
United States of America,78.06250000000001,4.063670555037286,1.8686240550952395,8.579333333333333,81.375,130.625,2.0322516588768775,4.408242476804775,2.7640103664649094,4.55519181618185,10.744637892992433,,0.7312500000000002,0.6062499999999998,,2.565910433941087,Developed,15.536875,1.4925,9.457046269009403
Uruguay,76.075,4.786970773767918,2.3970995017110748,6.172666666666667,94.3125,0.0,2.5387929336374566,4.54595082632812,2.169053700369523,4.49003987873446,9.162325506160832,2396771.125,1.6,1.54375,0.765625,2.7233492383913793,Developing,18.62,2.205625,11.928488209116448
Uzbekistan,68.03125,5.219341797612696,3.5609217851067103,1.608666666666667,95.64285714285714,208.4375,3.7111911858750948,4.590690864723257,1.7295293926919209,4.589421829019952,7.182578507916556,903631.6875,3.14375,3.175,0.603,2.4547695553677618,Developing,31.153125,4.15625,16.6477047685945
Vanuatu,71.38749999999999,4.926347477573667,3.1853707463108027,0.8066666666666665,56.125,20.875,3.3643388762978934,4.192491623361625,1.3683000977476119,4.0785962052539615,7.762864393840203,123096.1875,1.56875,1.49375,0.3675,2.3579015336647533,Developing,40.310625,5.92125,17.397307100182363
Venezuela (Bolivarian Republic of),73.3875,5.093750200806762,2.763642574525915,7.419999999999999,66.25,165.0,2.917770732084279,4.31331274212583,1.6091712102055558,4.22683374526818,9.068885871983092,,1.65,1.5625,0.7268125,2.548468131277745,Developing,16.5525,3.67625,14.451413507416955
Viet Nam,74.775,4.8407362573008585,2.966979084219209,3.087333333333334,87.53846153846153,4232.9375,3.1946599736090824,4.553218780355992,1.7879745376250835,4.51906748693468,7.004567925883757,,14.925,15.625000000000002,0.6270625000000001,2.443433401581425,Developing,21.995,4.334375,15.336750315129148
Yemen,63.8625,5.35570144936727,3.9367034228222053,0.0473333333333333,55.6875,2761.1875,4.216635938539909,4.206556552829029,1.6105040106160982,4.2853092151720755,6.9723501013525375,,13.83125,13.750000000000002,0.4755,2.140801187417639,Developing,28.447499999999998,8.97875,22.487790810729383
Zambia,53.90624999999999,5.870179292084522,4.121270451550244,2.2393333333333336,69.81818181818181,6563.8125,4.594475703322631,4.1647253589839,1.7619873108943847,4.307437777682809,6.992722508337721,6260246.4375,6.8812500000000005,6.7625,0.4984375,2.4170292273849143,Developing,29.20125,17.183125,31.769050446957397
