,Country,Life expectancy,Adult Mortality,infant deaths,Alcohol,percentage expenditure,Hepatitis B,Measles,BMI,under-five deaths,Polio,Total expenditure,Diphtheria,HIV/AIDS,GDP,Population,thinness  1-19 years,thinness 5-9 years,Income composition of resources,Schooling,Status
0,Afghanistan,58.193749999999994,269.0625,78.25,0.014375000000000002,34.960110065937506,64.5625,2362.25,15.518749999999999,107.5625,48.375,8.2525,52.3125,0.10000000000000002,340.01542546875004,9972259.8125,16.58125,15.581249999999999,0.415375,8.212500000000002,Developing
1,Albania,75.15624999999999,45.0625,0.6875,4.84875,193.25909071062503,98.0,53.375,49.06875,0.9375,98.125,5.945625,98.0625,0.10000000000000002,2119.7266788750003,696911.625,1.6187500000000001,1.7,0.709875,12.137499999999998,Developing
2,Algeria,73.61874999999999,108.1875,20.3125,0.4066666666666668,236.18524066862503,78.0,1943.875,48.74375,23.5,91.75,4.604,91.875,0.10000000000000002,2847.8533923125,21649827.4375,6.09375,5.975,0.694875,12.712499999999997,Developing
3,Angola,49.01875,328.5625,83.75,5.740666666666666,102.10026836999998,70.22222222222223,3561.3125,18.01875,132.625,46.125,3.9193333333333342,47.6875,2.36875,1975.1430451187498,10147099.1875,6.1937500000000005,6.668750000000001,0.4583749999999999,8.043750000000001,Developing
4,Antigua and Barbuda,75.05624999999999,127.5,0.0,7.949333333333333,1001.58522632875,98.26666666666667,0.0,38.425000000000004,0.0,96.9375,4.791333333333333,98.3125,0.12500000000000006,9759.305728124998,,3.4250000000000003,3.375,0.4886249999999999,8.84375,Developing
5,Argentina,75.15624999999999,106.0,10.125,7.966666666666667,773.0389813131252,81.28571428571429,2.0,54.98125,11.375,93.375,6.9126666666666665,92.375,0.10000000000000002,6998.575103125,20121204.5,1.0749999999999997,0.9500000000000001,0.794125,16.50625,Developing
6,Armenia,73.39999999999999,117.375,1.0,3.7026666666666666,131.0074187505,87.5625,274.25,44.70625,1.0,89.125,4.8613333333333335,87.375,0.10000000000000002,1999.9863176500003,1015164.625,2.0375,2.1125000000000007,0.698375,11.787500000000001,Developing
7,Australia,81.81250000000001,63.1875,1.0,10.155333333333333,5332.2264727374995,93.4,103.9375,55.8625,1.375,86.75,8.836666666666668,86.875,0.10000000000000002,34637.565046874995,4587009.875,0.66875,0.6249999999999998,0.9181249999999997,20.0375,Developed
8,Austria,81.48124999999999,65.75,0.0,12.235999999999999,4928.439188052499,81.0625,77.25,48.287500000000016,0.0,86.0,4.715333333333334,86.75,0.10000000000000002,33827.47630875,6474879.875,1.7312499999999995,1.9374999999999993,0.862375,15.3875,Developed
9,Azerbaijan,70.73124999999999,115.1875,6.0625,0.9919999999999999,131.1487469148125,59.214285714285715,598.1875,43.84375000000001,7.1875,75.8125,5.679333333333334,82.3125,0.10000000000000002,3302.9478069937504,2157370.5,2.9000000000000004,2.94375,0.7026874999999999,11.35,Developing
10,Bahamas,74.28750000000001,152.0625,0.0,10.271333333333331,0.0,83.6,0.0,52.88125,0.0,95.0,6.706,95.75,0.11875000000000004,,,2.5500000000000007,2.5187500000000003,0.7379375000000001,12.424999999999999,Developing
11,Bahrain,75.72500000000001,65.375,0.0,1.9346666666666663,602.0871396488749,98.125,6.6875,51.65625000000001,0.0,98.0,3.807333333333333,98.0625,0.10000000000000002,11191.247420625003,,6.10625,5.950000000000001,0.8079374999999998,14.1125,Developing
12,Bangladesh,69.3,141.375,153.625,0.01,32.32097151468751,77.61538461538461,4649.9375,12.875,201.5625,87.5,2.8546666666666662,92.75,0.10000000000000002,443.5614810250001,42985163.875,13.775,14.33125,0.517875,8.693750000000001,Developing
13,Barbados,74.35625,77.625,0.0,8.206666666666669,389.07699521375,84.06666666666666,0.0,45.974999999999994,0.0,80.3125,6.122,89.9375,0.25625000000000003,12017.098529375,,3.9562500000000003,3.9187500000000006,0.7704375,14.89375,Developing
14,Belarus,69.90625,218.75,0.5625,13.497333333333332,329.04645533312504,88.9375,24.8125,54.74375,0.875,89.875,6.192000000000001,92.1875,0.10000000000000002,3811.5253479999997,6371866.8125,2.2125,2.3375,0.7432499999999999,14.75,Developing
15,Belgium,80.68124999999999,70.1875,0.25,11.042666666666666,2392.4326567562507,74.5,81.5625,50.89375,1.0,97.75,5.962000000000001,97.3125,0.10000000000000002,16915.305999999997,2884042.5625,0.8625000000000004,0.8562500000000004,0.8777500000000001,16.7875,Developed
16,Belize,69.26875,155.5,0.0,6.252666666666668,365.84348979312506,94.75,0.0,37.67499999999999,0.0,95.5,5.039333333333333,95.1875,0.43125,3933.0121744999997,170392.875,3.5562500000000004,3.4875000000000003,0.6939374999999999,12.456249999999999,Developing
17,Benin,57.568749999999994,269.375,25.0,1.0,43.99195641925,62.57142857142857,1116.875,19.612499999999997,39.25,67.6875,4.636,67.9375,1.7062500000000005,561.167968,3942978.9375,8.25,8.1375,0.43806249999999997,8.85,Developing
18,Bhutan,66.1625,230.25,0.6875,0.2786666666666667,134.76406995375,94.125,80.25,17.581249999999997,0.9375,89.375,5.346,93.875,0.3562499999999999,1353.98694560625,492584.9375,17.21875,17.925,0.183875,10.225000000000001,Developing
19,Bolivia (Plurinational State of),67.70625,177.5,10.75,3.212,0.0,82.875,7.625,44.81875,14.0,81.6875,5.626,87.375,0.15625,,,1.3,1.1874999999999996,0.6337499999999999,13.9625,Developing
20,Bosnia and Herzegovina,75.96875000000001,64.9375,0.0,4.405333333333333,215.45745909824996,71.66666666666667,319.1875,48.9625,0.0,78.3125,8.741999999999999,78.5,0.10000000000000002,2245.0260235624996,1986993.0625,2.78125,2.75625,0.450375,12.225,Developing
21,Botswana,56.05,448.125,2.0,4.67,334.2669708721875,87.3125,237.875,32.24375,3.125,96.1875,5.510666666666666,95.8125,16.525000000000002,4498.285431187499,1063867.375,7.4375,7.8125,0.6303749999999999,12.137500000000001,Developing
22,Brazil,73.38125,150.6875,68.25,7.213333333333333,390.695595171875,96.1875,95.375,47.0625,77.25,98.3125,8.019333333333332,97.9375,0.10000000000000002,6143.161793500001,88128071.25,3.05,3.0124999999999997,0.7101875,14.162500000000001,Developing
23,Brunei Darussalam,76.48750000000001,67.0625,0.0,0.3786666666666667,1276.879485248125,97.875,7.3125,29.71875,0.0,97.5,2.8200000000000003,96.8125,0.10000000000000002,19744.808101874998,,6.199999999999999,5.674999999999999,0.839375,14.106250000000001,Developing
24,Bulgaria,72.85,125.5,0.9375,10.865333333333332,350.74520402624995,94.5,1530.3125,54.50000000000001,1.0,94.25,7.236,94.0,0.10000000000000002,4938.981821375001,5290923.9375,2.1312499999999996,2.15625,0.7546249999999999,13.725000000000001,Developed
25,Burkina Faso,55.64374999999999,252.5,44.75,4.241333333333333,52.0455813263125,81.1,5091.75,15.499999999999998,79.9375,69.0,6.037999999999999,77.3125,1.8375,410.3720343125,6143694.8125,7.41875,6.9812499999999975,0.22968750000000002,5.40625,Developing
26,Burundi,55.537499999999994,291.5625,23.25,4.103333333333334,15.335497774875002,93.33333333333333,1349.5,15.312500000000002,35.5625,86.625,7.089333333333333,85.75,3.0875000000000004,137.81532131875,3915446.6875,8.01875,8.012500000000001,0.32787499999999997,7.481250000000001,Developing
27,Cabo Verde,72.51875,116.1875,0.0,3.448,188.6329873781875,80.64285714285714,0.125,24.375,0.0,84.375,4.755333333333334,79.0,0.53125,2023.54103925,292600.25,8.012500000000001,7.9750000000000005,0.57,12.200000000000001,Developing
28,Cambodia,64.34375,196.375,16.75,1.4860000000000002,33.7965609773125,79.6,1880.8125,15.362500000000004,20.5,74.1875,5.740666666666668,72.0625,1.0250000000000001,466.19687804999995,7145967.4375,10.143749999999999,10.881250000000001,0.49193749999999997,9.874999999999998,Developing
29,Cameroon,54.01875,294.875,54.9375,4.141333333333334,44.462299938687494,76.81818181818181,2979.25,23.618750000000002,86.1875,72.5,4.719333333333334,69.4375,6.212500000000001,781.0160044124999,9967291.9375,6.550000000000001,6.606249999999999,0.47000000000000003,8.90625,Developing
30,Canada,81.6875,64.625,2.0,8.053333333333333,4694.078971425001,28.846153846153847,129.5,55.86249999999999,2.0,85.3125,7.052000000000001,91.0625,0.10000000000000002,29382.907523125003,11364053.8125,0.50625,0.4375000000000001,0.8921875000000001,15.875000000000005,Developing
31,Central African Republic,48.51250000000001,333.0625,16.5,1.2313333333333334,40.905543112125,42.57142857142857,699.4375,17.0875,24.5,41.3125,4.039333333333334,42.4375,8.981250000000001,363.05590484999993,2016546.125,7.106250000000001,7.087500000000001,0.3355,6.2375,Developing
32,Chad,50.3875,227.75,44.875,0.41133333333333333,32.277320497062505,29.875,4687.75,16.318749999999998,78.125,32.875,4.379333333333333,26.8125,4.3375,484.7916940562499,4114092.0625,7.14375,7.043750000000001,0.316625,6.0874999999999995,Developing
33,Chile,79.44999999999999,63.625,2.0,6.978,775.5408127837499,77.2,1.0625,55.5875,2.1875,83.625,6.911333333333334,88.8125,0.10000000000000002,6202.344363562499,14671763.9375,0.8875000000000001,0.9125000000000001,0.8013125,14.9,Developing
34,China,74.2625,73.75,294.875,4.182000000000001,73.5837628956875,80.4375,65857.9375,21.80625,350.0,93.6875,4.918,93.3125,0.10000000000000002,2345.3031576875,321812.0625,4.6375,4.025,0.66025,11.4375,Developing
35,Colombia,73.28750000000001,124.25,13.875,4.419333333333333,516.640179215,79.0,9.5,49.54375,16.375,84.25,6.34,79.1875,0.10000000000000002,3321.6607483124994,31767432.625,2.3000000000000003,2.075,0.6818750000000001,12.231250000000003,Developing
36,Comoros,61.581250000000004,240.9375,1.6875,0.13466666666666666,47.7314576225,76.46153846153847,62.625,18.256249999999998,2.0,67.8125,4.832,66.9375,0.28124999999999994,630.38433406875,532200.6875,7.275,7.1625000000000005,0.32462499999999994,9.95625,Developing
37,Congo,59.04375,322.75,7.875,2.1733333333333333,0.0,50.77777777777778,1021.625,20.925000000000004,11.6875,52.4375,2.986666666666667,55.25,4.987499999999999,,,8.4875,8.125,0.5283125,10.0875,Developing
39,Costa Rica,78.59374999999999,69.375,1.0,3.924666666666667,972.3591498793747,79.3125,0.1875,46.72499999999999,1.0,69.9375,8.620000000000001,79.75,0.10000000000000002,3957.22728625,2309299.4375,1.9625,1.9062500000000002,0.7369375,12.837499999999999,Developing
40,Croatia,76.11875,89.0,0.0,12.448000000000002,1162.85632917,96.22222222222223,23.6875,52.356249999999996,0.0,95.5,7.370666666666666,95.375,0.10000000000000002,9056.7847190625,1159772.375,1.74375,1.7187499999999998,0.7890625000000001,13.887500000000001,Developed
41,Cuba,77.97500000000001,57.5625,1.0,4.190666666666667,364.56385808368753,96.25,0.0,49.46249999999999,1.0,98.6875,6.428666666666667,93.9375,0.10000000000000002,3180.4348844375,,3.4437499999999996,3.268749999999999,0.7421250000000001,14.69375,Developing
42,Cyprus,79.675,54.125,0.0,10.260666666666667,932.6673898875001,92.625,1.9375,53.16249999999999,0.0,98.0,6.760000000000001,98.0,0.10000000000000002,13898.88550125,390274.375,0.9062500000000002,1.0,0.8330625000000002,13.51875,Developed
43,Czechia,76.76875,71.8125,0.0,13.026000000000002,0.0,97.28571428571429,22.9375,55.71249999999999,0.0,98.0,7.05,98.125,0.10000000000000002,,,1.9937500000000001,2.0625,,,Developed
44,CÃ´te d'Ivoire,50.3875,417.3125,61.5,2.8373333333333335,0.0,63.93333333333333,1708.25,21.324999999999996,86.8125,65.9375,5.723333333333333,68.9375,4.6875,,,6.7375,6.6937500000000005,,,Developing
45,Democratic People's Republic of Korea,69.19375000000001,160.8125,9.9375,3.0000000000000004,0.0,88.84615384615384,222.5625,25.624999999999996,12.8125,98.25,,83.25,0.10000000000000002,,,5.437500000000001,5.45,,,Developing
46,Democratic Republic of the Congo,55.687499999999986,265.375,234.5,1.424,0.0,51.333333333333336,48922.6875,15.8375,323.5,55.625,3.5586666666666673,41.875,1.8187499999999999,,,8.14375,7.956250000000001,,,Developing
47,Denmark,79.25625000000001,66.0625,0.0,10.707999999999998,5313.33579445625,,15.75,55.824999999999996,0.0,88.0,7.822666666666667,88.0,0.10000000000000002,33067.407915625,4260081.375,1.1624999999999996,0.9375000000000001,0.8998749999999999,17.19375,Developed
48,Djibouti,60.75625,274.6875,1.4375,0.7639999999999999,98.83844812187499,78.0,113.875,26.25,1.875,74.875,7.070666666666667,75.125,3.28125,897.9998706499999,634116.1875,5.84375,5.7,0.41843749999999996,4.750000000000001,Developing
50,Dominican Republic,72.34374999999999,143.5,6.4375,6.030666666666666,360.67899713687495,65.125,23.0,48.14375000000001,7.8125,75.625,4.681333333333334,83.1875,1.41875,3509.4991863125,4448642.6875,3.46875,3.3750000000000004,0.6849999999999999,12.74375,Developing
51,Ecuador,74.72500000000001,132.125,7.375,3.8073333333333332,109.40605116625,78.0625,20.75,43.3125,8.75,78.75,5.879999999999999,89.1875,0.19374999999999998,2005.3524679375,8710592.0625,1.3812500000000003,1.26875,0.6988749999999999,13.012500000000001,Developing
52,Egypt,71.5,170.625,56.25,0.18866666666666668,0.0,96.6875,1069.25,49.262499999999996,67.625,96.6875,5.346,96.6875,0.10000000000000002,,,3.125,3.075,0.6476249999999999,11.893749999999999,Developing
53,El Salvador,71.74375,155.0625,2.5625,2.6926666666666668,341.5691573100001,86.0625,0.125,45.324999999999996,2.875,82.25,7.103333333333334,87.1875,0.28750000000000003,2517.8346304375,2930826.5,1.80625,1.7249999999999999,0.6504375,12.656250000000002,Developing
54,Equatorial Guinea,55.3125,279.375,3.0,7.341999999999999,552.671538039375,9.0,294.5,17.85625,4.0,36.875,2.9293333333333327,29.9375,5.1375,7902.4107885625,556765.3125,6.65625,6.599999999999999,0.5361875,8.325,Developing
55,Eritrea,60.6875,308.625,6.3125,0.608,6.4360693815625,86.42857142857143,175.0,15.15625,8.9375,87.8125,3.468666666666667,82.25,1.2125,259.3953562916667,2071919.3333333333,8.08125,8.01875,0.2553125,4.925000000000001,Developing
56,Estonia,74.94375,169.6875,0.0,9.014666666666665,859.5750084284374,86.83333333333333,3.5,56.68125,0.0,94.25,5.687333333333333,94.125,0.10000000000000002,8340.4329494375,791848.6875,2.075,2.1375,0.8233125,15.9375,Developing
57,Ethiopia,59.11250000000001,285.5625,187.75,1.0746666666666667,32.482109182375,64.11111111111111,3948.375,14.799999999999999,288.5,51.125,4.901333333333334,46.1875,2.7249999999999996,264.97094995000003,43950760.75,8.38125,6.475,0.346125,6.8,Developing
58,Fiji,68.7125,125.0,0.0,1.462666666666667,139.15683759693752,98.875,50.0,50.562500000000014,0.0,97.125,3.8973333333333335,91.6875,0.10000000000000002,2947.6126888750005,650205.125,4.093750000000001,3.7937499999999993,0.7022499999999999,14.18125,Developing
59,Finland,80.7125,68.875,0.0,9.552666666666669,2889.3154698924996,,2.8125,52.300000000000004,0.0,97.1875,8.614,98.25,0.10000000000000002,25268.649758125,3493082.3125,0.9000000000000002,0.8062500000000001,0.8729374999999999,17.29375,Developing
60,France,82.21875,73.125,2.9375,12.40466666666667,3751.5065741337494,51.25,2661.625,51.98125,3.4375,98.25,6.555999999999999,98.0625,0.10000000000000002,26465.551380625,27581733.125,0.6249999999999998,0.5999999999999999,0.8705624999999998,15.899999999999999,Developing
61,Gabon,62.243750000000006,220.4375,2.0,7.8773333333333335,261.077778610625,57.63636363636363,349.8125,28.818749999999998,3.0,57.25,3.1753333333333327,54.5,8.0,5179.2561886250005,1007302.3125,6.91875,6.775,0.6543749999999999,12.412500000000003,Developing
62,Gambia,59.462500000000006,249.625,3.0,2.1346666666666665,0.0,95.375,41.25,20.300000000000004,5.6875,92.75,5.3086666666666655,88.5,2.34375,,,7.5875,7.50625,0.42018750000000005,8.125,Developing
63,Georgia,73.50625,114.9375,1.1875,5.623333333333334,99.5257140183125,77.25,1298.0,47.74375,1.25,81.1875,7.3306666666666676,83.5,0.10000000000000002,2158.2808692812496,10152.375,2.75,2.89375,0.6779375,12.674999999999999,Developing
64,Germany,81.175,71.25,2.5,11.628666666666668,3900.8902608937497,77.4375,1497.1875,51.993750000000006,3.25,94.8125,4.073333333333333,89.875,0.10000000000000002,24337.749100000005,38757347.4375,1.1187499999999997,1.1062499999999997,0.8945000000000001,16.6,Developed
65,Ghana,60.8625,180.0625,40.3125,1.2686666666666666,77.24912203487499,67.5,3419.75,21.724999999999998,59.8125,78.9375,4.328666666666667,73.875,2.2875,834.3761008125001,11534782.625,7.65,7.574999999999999,0.525875,9.512499999999998,Developing
66,Greece,81.21875,73.625,0.1875,8.803333333333333,1759.24682044375,88.9375,24.875,58.681250000000006,0.4375,91.4375,9.038666666666668,96.625,0.10000000000000002,16454.23587,1550208.4375,0.8125000000000001,0.7312500000000003,0.8423125,15.9375,Developing
67,Grenada,73.29375,153.75,0.0,8.843333333333334,363.84122981125,95.46666666666667,0.0,40.212500000000006,0.0,95.125,6.188666666666667,95.625,0.10000000000000002,6259.5172613125,,3.91875,3.9312500000000004,0.23318750000000002,15.20625,Developing
68,Guatemala,71.73125,131.1875,13.125,2.268666666666667,334.0270480281251,87.0909090909091,0.0,40.44375,16.125,71.4375,6.593999999999999,85.5625,0.375,2365.83447375,5933907.5,1.3375000000000001,1.3375000000000001,0.5844374999999998,9.862499999999999,Developing
69,Guinea,56.0125,259.875,30.8125,0.16466666666666666,15.8912829451875,58.666666666666664,1522.0,17.46875,48.375,52.4375,4.009333333333333,47.875,2.19375,279.46479789375,4252798.9375,7.64375,7.624999999999999,0.36474999999999996,7.174999999999998,Developing
70,Guinea-Bissau,55.36875,158.3125,4.5625,2.2600000000000002,21.961644662687497,75.0,331.3125,19.43125,7.3125,74.75,5.870666666666668,65.25,4.818749999999999,384.2149305312501,981883.1875,7.500000000000001,7.38125,0.25418750000000007,8.2875,Developing
71,Guyana,65.6375,203.9375,0.5625,7.406000000000001,187.76501795668753,88.2,0.0,36.38125,1.0,87.75,6.084,88.1875,1.0625,1783.8809370625002,494437.25,5.681250000000002,5.46875,0.6198125000000001,10.787500000000001,Developing
72,Haiti,59.868750000000006,168.3125,17.0,5.486,36.129200178937495,40.666666666666664,71.9375,39.275,24.8125,53.8125,6.183333333333334,48.0,2.7375,434.36012815000004,3852657.6875,4.24375,4.2562500000000005,0.4620625,8.45,Developing
73,Honduras,72.99374999999999,142.0,4.625,3.0420000000000003,192.11563525374999,95.0625,0.0,39.74375,5.6875,95.375,8.147333333333332,95.625,0.81875,1421.7880825000002,2832386.5625,2.4000000000000004,2.3375000000000004,0.590125,10.887500000000001,Developing
74,Hungary,73.82499999999999,147.0625,0.5625,11.427333333333333,376.831080251,,2.0625,56.931250000000006,0.875,98.9375,7.7686666666666655,99.0,0.10000000000000002,8513.641831249997,1604902.25,1.9187500000000004,1.9125000000000003,0.8043125,15.118749999999999,Developed
75,Iceland,82.44375000000001,49.375,0.0,7.466,4991.59530846875,,0.0,51.075,0.0,89.75,8.546000000000001,89.75,0.10000000000000002,30159.502907500006,186177.625,0.9562500000000002,0.9000000000000002,0.8853124999999998,18.156250000000004,Developed
76,India,65.41874999999999,146.5625,1366.6875,1.942,33.2426210915625,35.0,46454.1875,14.793750000000001,1812.5,69.625,4.358666666666666,67.0625,0.2562499999999999,837.9200509125001,421467690.9375,27.099999999999998,27.94375,0.5495000000000001,9.981250000000003,Developing
77,Indonesia,67.55625,166.5625,151.1875,0.0686666666666667,83.76831559187498,73.5625,16244.9375,19.956249999999997,186.625,62.1875,2.663333333333333,72.375,0.20000000000000007,1669.116783075,116555259.4375,3.4187499999999997,3.9437499999999996,0.6414374999999999,11.6125,Developing
78,Iran (Islamic Republic of),73.85624999999999,107.0,25.1875,0.016,0.0,97.75,2828.25,48.63125,29.6875,98.25,6.290000000000001,98.375,0.10000000000000002,,,7.768750000000001,7.956250000000001,0.715,12.656250000000002,Developing
79,Iraq,70.35625,136.75,31.1875,0.13466666666666666,120.663689503125,64.875,3454.375,48.59375,38.0,55.625,4.435833333333333,65.75,0.10000000000000002,3542.5575372499993,18572840.8125,5.3999999999999995,5.1625000000000005,0.6335,9.906249999999998,Developing
80,Ireland,80.15,72.4375,0.0,12.654,4867.3126046874995,86.83333333333333,174.5,53.6875,0.0,86.125,7.7286666666666655,86.125,0.10000000000000002,33835.272005,3599794.5625,0.29999999999999993,0.21874999999999997,0.8915,17.65625,Developed
81,Israel,81.3,59.5,0.9375,2.497333333333334,1467.5358269218748,97.4375,138.9375,54.98750000000001,1.0,94.25,7.4786666666666655,89.0,0.10000000000000002,18860.476015624998,27862.875,1.14375,1.0999999999999999,0.8731875,15.712499999999999,Developing
82,Italy,82.1875,54.1875,2.0,8.266666666666667,2937.1376542306252,95.5,1961.375,56.15,2.3125,96.125,8.777333333333333,94.75,0.10000000000000002,21234.782370625006,27643788.9375,0.5125,0.525,0.8580625,15.93125,Developed
83,Jamaica,74.29375,141.25,1.0,3.6239999999999997,134.249450170875,83.15384615384616,0.1875,45.425000000000004,1.0,89.625,5.144000000000001,89.3125,1.2375,2509.5464696249996,1500309.125,1.8812499999999996,1.7374999999999998,0.7096250000000001,12.275,Developing
84,Japan,82.5375,57.125,2.875,7.040666666666667,3923.05032917375,,6875.8125,25.606249999999996,4.0,96.0,6.472666666666666,96.25,0.10000000000000002,24892.544784375,97384.0625,1.8125,1.5437499999999995,0.8765624999999999,14.975,Developed
85,Jordan,72.9875,114.3125,4.0,0.5173333333333333,273.59953421874997,97.0,26.5,52.999999999999986,4.0,97.125,8.781333333333333,97.0,0.10000000000000002,1822.6299256249997,4895075.6875,3.8874999999999997,3.8687499999999995,0.729,13.237499999999997,Developing
86,Kazakhstan,66.7625,232.0625,7.125,6.641333333333333,203.03090856000003,97.3125,1246.9375,45.15624999999999,8.0625,97.5,4.019333333333334,96.4375,0.10000000000000002,4040.586664374999,8340547.4375,2.4375,2.5437500000000006,0.7450625,14.025,Developing
87,Kenya,57.481249999999996,348.5625,65.875,1.6019999999999999,61.65546434349999,74.57142857142857,2643.875,15.562500000000002,98.625,70.1875,4.668666666666667,70.5,8.7625,716.77006788125,16826787.625,8.4,8.2875,0.49712500000000004,9.96875,Developing
88,Kiribati,65.14999999999999,129.4375,0.0,0.4406666666666667,77.12610334500002,75.1875,0.0,69.43125,0.0,75.25,5.728,74.9375,0.10000000000000002,1175.29241553125,35919.9375,0.15625,0.13749999999999998,0.36375,11.69375,Developing
89,Kuwait,73.84375000000001,83.25,0.5,0.021333333333333336,1719.8409805812503,98.1875,15.375,59.60625,1.0,98.1875,2.809333333333333,98.5,0.10000000000000002,31914.378339374998,,3.2812500000000013,3.15625,0.7895,13.725,Developing
90,Kyrgyzstan,69.08125,173.6875,3.75,2.267333333333333,0.0,85.5625,1156.625,35.112500000000004,4.125,95.875,6.118666666666667,96.5625,0.11250000000000004,,,3.3562499999999997,3.4124999999999996,0.6220625000000001,12.337499999999999,Developing
91,Lao People's Democratic Republic,62.38125,197.1875,10.625,3.505333333333334,0.0,60.30769230769231,552.75,14.362500000000002,14.75,58.8125,3.444,61.5,0.20000000000000007,,,6.275,6.3812500000000005,0.5156250000000001,9.23125,Developing
92,Latvia,73.73125,161.8125,0.0,8.864,530.60519180375,88.9375,3.3125,51.306250000000006,0.0,95.0625,6.331333333333334,95.0,0.10000000000000002,7951.824896624999,1174562.6875,2.4062499999999996,2.43125,0.7924999999999999,15.568749999999998,Developed
93,Lebanon,74.2,65.3125,1.0,1.7853333333333339,333.0479451320625,70.5,295.1875,55.3375,1.0,71.25,6.6706666666666665,70.5,0.10000000000000002,4696.1923789375005,2489104.5,4.768750000000002,4.718750000000001,0.4696875,13.743749999999999,Developing
94,Lesotho,48.78124999999999,550.0625,4.5,2.0866666666666664,82.11891290006248,73.23076923076923,266.6875,25.237499999999994,6.3125,67.9375,7.607333333333333,79.4375,22.968749999999996,794.5230103125001,1200527.5625,7.187499999999999,7.068749999999999,0.4568125,10.65625,Developing
95,Liberia,57.525,246.9375,10.6875,3.2580000000000005,25.27170667675,49.125,705.3125,19.987499999999997,14.75,59.4375,6.843999999999999,40.6875,2.28125,246.28174803125006,2788942.625,7.8375,7.7625,0.38943750000000005,9.86875,Developing
96,Libya,72.48750000000001,139.6875,2.1875,0.01,180.0749890925,96.3125,547.3125,54.83749999999999,2.5,96.5,3.728,96.5,0.10000000000000002,4598.161975416667,,5.599999999999999,5.43125,0.7408125,14.79375,Developing
97,Lithuania,72.80624999999999,117.25,0.0,12.632666666666667,1015.75384256375,94.75,14.9375,49.231249999999996,0.0,88.8125,6.5473333333333334,94.25,0.10000000000000002,9007.4586225,1926212.125,2.9374999999999996,2.9687499999999996,0.8066874999999999,16.1,Developed
98,Luxembourg,80.78125,67.5625,0.0,11.921999999999999,8177.5763413625,92.375,1.125,47.825,0.0,98.0625,7.5473333333333334,98.9375,0.10000000000000002,53257.012740624996,265276.375,0.9500000000000001,0.9125000000000002,0.8781250000000002,13.6375,Developed
99,Madagascar,62.74375,228.8125,34.9375,0.8200000000000001,43.253156571750004,63.357142857142854,9576.1875,14.76875,51.125,59.9375,4.710666666666667,61.25,0.525,314.04132958124995,10950267.4375,7.8687499999999995,7.78125,0.45668749999999997,9.33125,Developing
100,Malawi,49.893750000000004,424.4375,37.125,0.9193333333333331,25.849706456812505,89.57142857142857,7559.4375,16.78125,58.75,89.0625,6.658666666666666,83.625,16.68125,237.50404201875,6700263.0625,7.11875,6.987500000000001,0.410625,10.23125,Developing
101,Malaysia,73.75625000000001,118.5625,3.3125,0.49066666666666675,248.88502812000002,96.0,1453.125,29.168750000000003,4.125,96.375,3.7486666666666664,96.4375,0.10000000000000002,4904.9389918125,11529155.8125,8.6125,8.40625,0.749125,12.562499999999998,Developing
102,Maldives,75.5375,83.1875,0.0,1.4073333333333333,626.4998210524999,97.875,157.875,19.29375,0.0,97.875,8.236666666666668,97.875,0.10000000000000002,3818.2969615624997,3334.25,14.19375,14.2875,0.6386249999999999,12.000000000000002,Developing
103,Mali,54.9375,202.125,55.9375,0.438,48.981176981125,67.15384615384616,823.3125,17.212500000000002,96.5,62.5,6.522666666666667,67.0,1.8249999999999997,530.5121700999999,5781492.875,7.075,6.3500000000000005,0.36518749999999994,6.43125,Developing
104,Malta,80.36250000000001,60.75,0.0,7.130000000000001,1181.43178558125,80.53846153846153,2.1875,66.18125,0.0,89.4375,8.596666666666666,89.3125,0.10000000000000002,10114.797943125002,224742.4375,0.7499999999999999,0.7124999999999999,0.8111875,14.306250000000002,Developed
106,Mauritania,62.8,159.9375,7.8125,0.013333333333333334,31.7031471238125,57.63636363636363,815.9375,22.475,11.9375,63.0625,3.935333333333334,60.125,1.1875000000000004,635.04960900625,1262286.1875,6.48125,6.81875,0.4730625,7.318750000000001,Developing
107,Mauritius,72.7125,163.5625,0.0,2.906666666666667,422.23952429893745,96.1875,54.3125,25.981249999999996,0.0,96.5,4.524666666666667,96.3125,0.10625000000000002,5299.579823624998,663332.875,7.46875,7.4125,0.722625,13.531249999999998,Developing
108,Mexico,75.71874999999999,111.0625,39.625,5.114,465.32749578749997,94.4375,11.0,51.41875,46.5,95.0625,6.074,95.0,0.10000000000000002,5179.33080675,27585265.1875,1.7312499999999997,1.6687499999999997,0.7288749999999999,12.325,Developing
109,Micronesia (Federated States of),68.2,154.0625,0.0,2.1453333333333333,0.0,75.4375,8.75,65.15,0.0,82.375,11.056,81.875,0.10000000000000002,,,0.2125,0.20625000000000002,0.5868125,10.4,Developing
111,Mongolia,65.8875,222.125,1.5625,2.3539999999999996,126.37836398937499,97.4375,2079.25,39.793749999999996,1.9375,97.5625,5.180666666666667,97.375,0.10000000000000002,1984.6880227125002,2037470.6875,2.2812499999999996,2.3875,0.6620625,12.66875,Developing
112,Montenegro,74.5,92.75,0.0,2.584285714285713,455.049824020625,48.5,0.625,50.487500000000004,0.0,84.3,7.419333333333335,84.5,0.10000000000000002,4676.5142774999995,329668.1875,2.1375,2.1875,0.58375,10.71875,Developing
113,Morocco,72.15624999999999,95.1875,21.375,0.5186666666666667,102.98965830775,87.25,2593.0,48.61875,24.875,96.9375,5.442666666666668,97.1875,0.10000000000000002,1936.3914383750002,20591653.9375,6.456249999999999,6.3125,0.5854999999999999,10.287500000000001,Developing
114,Mozambique,53.393750000000004,226.25,74.5625,1.2660000000000002,37.03415152218751,67.86666666666666,4735.0,16.14375,107.25,69.0,5.972666666666666,64.0625,11.3875,365.06823808125,11729745.9375,3.80625,3.71875,0.36081250000000004,7.987500000000001,Developing
115,Myanmar,64.2,154.3125,56.625,0.35133333333333333,12.824563635250001,65.46153846153847,914.5,17.125,76.9375,70.6875,2.0126666666666666,72.375,0.47500000000000003,616.18435734375,26015702.0,13.131250000000001,13.424999999999997,0.4882500000000001,8.325,Developing
116,Namibia,60.400000000000006,313.1875,2.875,4.710666666666667,359.93007941693753,86.33333333333333,722.0625,28.224999999999998,3.8125,78.5,7.398666666666667,83.5,13.64375,3042.6035070000003,1025527.125,10.699999999999998,10.70625,0.5883125000000001,11.549999999999999,Developing
118,Nepal,66.48125,147.25,29.125,0.19,40.1620642759375,65.38461538461539,4663.5625,15.175000000000004,38.125,69.125,5.889333333333334,73.6875,0.15625,395.32846794375007,14633755.5625,17.13125,17.66875,0.494375,10.431249999999999,Developing
119,Netherlands,81.13125,61.625,1.0,8.846666666666666,3805.687047718751,48.2,251.9375,53.96875,1.0,96.8125,7.141333333333334,96.8125,0.10000000000000002,34964.719796875,9775704.375,1.025,0.9625,0.8997499999999999,17.056250000000002,Developed
120,New Zealand,81.33749999999999,71.5,0.0,9.16625,2922.147779791875,70.1875,94.9375,56.62500000000001,0.0,89.125,8.876000000000001,70.625,0.10000000000000002,14775.554806874998,,0.3124999999999999,0.29999999999999993,0.8911875,18.868749999999995,Developed
121,Nicaragua,73.45,162.375,3.0625,3.5966666666666667,183.6629076488125,91.875,0.0,42.68125,3.6875,88.1875,6.730666666666666,91.875,0.22499999999999998,957.9039710624999,1999846.9375,1.9687500000000002,1.8750000000000002,0.6035,11.112499999999999,Developing
122,Niger,56.98125,232.4375,52.8125,0.09133333333333335,19.099368610625003,60.57142857142857,15467.125,16.3625,105.6875,52.9375,6.577333333333332,52.3125,1.1624999999999999,259.782440975,11240718.9375,9.025,8.9125,0.298125,4.01875,Developing
123,Nigeria,51.35625000000001,248.5,535.6875,8.646666666666667,85.44427533293752,42.90909090909091,51653.9375,19.75,852.0625,41.3125,3.7106666666666666,39.3125,4.83125,1360.1398774687502,70877003.0625,10.418750000000001,10.36875,0.36737500000000006,9.0,Developing
125,Norway,81.79375,66.25,0.0,6.234375000000001,4658.8139180937505,,6.3125,50.81249999999999,0.0,93.0625,9.086,87.9375,0.10000000000000002,27434.946928125,2614432.3125,0.7625000000000003,0.6999999999999998,0.9314374999999998,17.46875,Developed
126,Oman,74.84375,67.75,1.0,0.5346666666666667,387.410820335625,98.8125,10.875,44.78125,1.0,98.5,2.8766666666666665,98.75,0.10000000000000002,7621.311126875001,,7.024999999999999,6.824999999999999,0.7155,12.225,Developing
127,Pakistan,64.5,154.0,367.9375,0.026000000000000006,26.1203906045625,67.3076923076923,3842.3125,18.312499999999996,461.0,64.1875,2.9039999999999995,70.875,0.10000000000000002,666.11105159375,69027961.8125,15.0875,15.512500000000001,0.500875,6.718749999999998,Developing
129,Panama,76.4875,115.875,1.125,6.212,569.9716162019376,78.66666666666667,0.25,49.312499999999986,1.6875,84.6875,7.722,80.0,0.12500000000000003,5417.768890249999,1955021.875,2.0812500000000003,2.0187500000000003,0.74825,12.775000000000002,Developing
130,Papua New Guinea,61.68125,266.5625,10.625,0.5806666666666666,75.37048165187501,57.0,2349.875,40.787499999999994,13.75,62.5625,5.462666666666667,68.375,1.16875,758.0976163466668,4813446.0,1.4062500000000002,1.3625,0.4661874999999999,8.54375,Developing
131,Paraguay,73.1125,139.9375,3.1875,5.527333333333334,229.790694404375,82.15384615384616,0.0,39.525,3.6875,77.9375,6.778666666666665,89.625,0.1375,1983.4043354375003,3299080.625,2.1999999999999997,2.11875,0.6561875,12.16875,Developing
132,Peru,73.66250000000001,122.4375,11.8125,4.278666666666666,417.078699565,83.6923076923077,0.375,44.86875,15.125,82.8125,4.926666666666667,81.0,0.29374999999999996,2928.5435416249998,16854321.6875,1.2187499999999998,1.2187499999999998,0.7032499999999999,13.306250000000002,Developing
133,Philippines,67.57499999999999,217.9375,61.1875,4.510666666666666,89.55657082674999,62.125,7144.6875,19.1875,78.8125,78.1875,3.9053333333333335,79.125,0.10000000000000002,1397.1361066875002,37265400.3125,1.0,9.69375,0.6504375,11.543750000000001,Developing
134,Poland,75.65,107.5625,2.25,9.99866666666667,310.682268485,97.375,47.4375,53.73125,2.6875,96.75,6.379333333333334,98.75,0.10000000000000002,6792.5636004375,16053249.625,2.20625,2.3625,0.8131875,15.25,Developed
135,Portugal,79.99375,58.875,0.1875,12.211333333333334,1614.8970459187499,87.625,7.25,43.631249999999994,0.375,96.5,7.952666666666667,97.0,0.10000000000000002,11598.625531249998,1032225.375,0.7187500000000001,0.5374999999999999,0.8049999999999998,15.937500000000002,Developed
136,Qatar,77.03125,75.375,0.0,1.0813333333333333,2466.8550051575003,95.0625,96.25,65.65,0.0,95.875,2.6013333333333337,89.6875,0.10000000000000002,40748.44410437502,,4.956249999999999,4.5875,0.8283750000000001,12.85,Developing
137,Republic of Korea,80.4875,76.1875,2.125,8.855333333333334,0.0,95.125,3548.4375,23.243749999999995,2.5625,91.25,5.912,96.0625,0.10000000000000002,,,1.5375000000000005,1.01875,,,Developing
138,Republic of Moldova,69.98124999999999,210.3125,1.0,9.545333333333334,0.0,95.0,390.875,43.90625,1.0625,94.9375,6.956666666666667,72.8125,0.10000000000000002,,,3.025,3.2,,,Developing
139,Romania,74.05000000000001,156.0625,2.8125,8.968666666666667,426.53663424262504,91.8125,1365.6875,52.24999999999999,3.25,94.75,5.278,95.0,0.10000000000000002,4258.9400543125,9206345.625,3.1687499999999997,3.50625,0.762625,13.924999999999999,Developed
140,Russian Federation,67.76249999999999,224.5625,16.6875,11.127999999999998,326.08407506487504,92.33333333333333,1616.4375,53.31875000000001,19.3125,97.5625,6.223333333333333,97.125,0.26249999999999996,6545.137358999999,59762085.625,2.4437499999999996,2.6062499999999997,0.7621875,13.74375,Developing
141,Rwanda,59.3125,246.8125,20.75,5.635999999999999,20.191353437500002,96.0,505.875,14.749999999999998,32.0625,88.5,6.350666666666666,89.375,4.425000000000001,300.01801709374996,3735506.5625,6.6312500000000005,6.65625,0.41768749999999993,9.2875,Developing
143,Saint Lucia,73.6,146.25,0.0,11.511333333333335,0.0,89.28571428571429,0.0,39.59374999999999,0.0,84.875,6.922666666666666,83.8125,0.15,,,4.35,4.38125,0.6647499999999998,12.70625,Developing
144,Saint Vincent and the Grenadines,73.475,152.0625,0.0,6.11,0.0,93.0,0.0,41.99375,0.0,97.875,4.816000000000002,98.3125,0.28125,,,3.6625,3.6125,0.6572500000000001,13.18125,Developing
145,Samoa,73.61875,133.5625,0.0,2.7039999999999997,254.59701798437504,54.9375,0.5625,62.90625,0.0,57.25,5.325333333333333,62.9375,0.10000000000000002,2121.6206485000002,131440.125,0.20000000000000004,0.16875,0.6784375,12.64375,Developing
147,Sao Tome and Principe,65.1625,164.9375,0.0,4.191333333333334,52.315094208812496,83.3076923076923,0.0,20.849999999999998,0.0,90.5625,6.586,95.125,0.96875,771.0348342533331,108853.9375,6.6375,6.5562499999999995,0.5282500000000001,10.25625,Developing
148,Saudi Arabia,73.46875,52.125,8.625,0.07466666666666667,838.506400329375,96.8125,759.3125,55.31250000000001,10.0,96.8125,3.924666666666667,96.875,0.10000000000000002,10689.052945812498,,7.35625,7.368749999999999,0.7826249999999998,13.287500000000001,Developing
149,Senegal,62.56875,174.1875,22.3125,0.30933333333333335,21.486426224687495,86.41666666666667,3248.75,18.443749999999998,36.625,75.4375,4.938,78.3125,0.53125,274.61116614375004,5413842.6875,8.09375,7.9875,0.4325625,7.125000000000001,Developing
150,Serbia,73.95625,130.4375,1.0,8.682666666666668,464.7447380456875,90.75,73.8125,52.1375,1.0625,94.625,6.198666666666668,93.3125,0.10000000000000002,3674.5424077625007,3608279.875,2.39375,2.425,0.7416875,13.531249999999998,Developing
151,Seychelles,72.37500000000001,161.1875,0.0,6.201333333333333,466.8304218925,98.6875,0.6875,28.40625,0.0,98.5,3.802,98.5,0.10000000000000002,6496.302397062499,61543.8125,5.906249999999998,6.3,0.6908124999999999,12.90625,Developing
152,Sierra Leone,46.1125,357.8125,27.5625,3.154666666666667,29.1055785935625,83.44444444444444,673.875,18.306249999999995,41.875,71.75,9.218,72.125,1.5187499999999998,271.50556128125004,3336264.5625,7.68125,7.1,0.3618125,8.23125,Developing
153,Singapore,81.47500000000001,62.0,0.0,1.7625000000000002,2332.57175895,95.875,85.75,25.906249999999996,0.0,96.125,3.6880000000000006,96.1875,0.10000000000000002,32790.105906875004,,2.1250000000000004,2.06875,0.8668750000000001,13.981249999999998,Developed
154,Slovakia,74.75,118.0625,0.0,10.473333333333333,0.0,98.5625,0.25,51.81875000000001,0.125,98.4375,7.3759999999999994,98.625,0.10000000000000002,,,1.3437500000000002,1.4250000000000003,0.8033124999999999,14.350000000000003,Developed
155,Slovenia,79.73125,76.4375,0.0,10.754666666666669,1556.3345450087497,,6.0625,52.199999999999996,0.0,95.1875,8.855333333333334,95.0,0.10000000000000002,11441.044377499999,401279.0625,1.7687499999999998,1.79375,0.8604375,16.475,Developed
156,Solomon Islands,67.7125,140.0625,0.0,0.8006666666666665,112.02741557056251,78.625,0.0,39.175,0.0,87.75,6.267333333333334,75.375,0.10000000000000002,801.9123831749998,329044.1875,1.24375,1.2624999999999997,0.48024999999999995,8.6375,Developing
157,Somalia,53.31875,316.75,49.875,0.01,0.0,42.0,5494.0625,18.6875,80.5625,29.8125,,29.3125,0.8375000000000001,297.47334513333334,,7.268750000000001,7.08125,,,Developing
158,South Africa,57.49999999999999,412.75,48.6875,7.588666666666666,616.359643518125,66.5,1506.0,38.150000000000006,69.8125,65.3125,8.306000000000001,70.1875,18.493750000000002,4869.4270436874995,29213839.465000004,9.175,11.075,0.6290624999999999,12.89375,Developing
159,South Sudan,53.875,346.3125,27.75,,8.2410769375,31.0,315.75,,43.25,44.0,2.7100000000000004,47.0,3.6937499999999996,1092.233630625,3750827.125,,,0.1316875,1.53125,Developing
160,Spain,82.06875,63.625,1.625,10.024000000000001,2332.680183884375,92.5,449.875,58.668749999999996,1.875,96.75,8.536666666666665,96.75,0.10000000000000002,17093.459736875,26542854.125,0.5999999999999999,0.5,0.8505625,16.35625,Developed
161,Sri Lanka,73.4,144.375,4.0,2.096,59.75360089375,90.61538461538461,1420.4375,17.275,4.75,98.375,3.771333333333334,98.4375,0.10000000000000002,1040.110189675,10844.8125,15.325000000000003,15.368749999999999,0.7251875,13.21875,Developing
162,Sudan,61.825,240.3125,64.625,1.458,97.69844266624999,72.36363636363636,3108.0,,96.625,72.25,5.695333333333335,72.375,0.25000000000000006,1192.7979534312497,18046515.125,,,0.44099999999999995,6.374999999999998,Developing
163,Suriname,70.08125,166.0,0.0,4.984,508.494032814375,85.27272727272727,0.0,50.15625000000001,0.0,78.25,6.662666666666667,82.5625,0.7625,4781.216821937499,190916.625,3.5125,3.45625,0.48106249999999995,11.825,Developing
164,Swaziland,51.324999999999996,339.0,2.625,4.463333333333334,278.0997131315,76.0,49.125,25.5,3.6875,89.0,7.308666666666666,83.75,32.94375,2165.0908375000004,457303.0625,6.475,6.63125,0.5156875000000001,10.35,Developing
165,Sweden,82.51875,59.1875,0.0,6.926666666666666,4438.163153549999,59.2,18.9375,56.24999999999999,0.0,98.3125,9.932666666666668,98.3125,0.10000000000000002,29334.990639375,5514868.3125,1.3500000000000003,1.3062500000000004,0.893125,15.868750000000002,Developed
166,Switzerland,82.33125,55.75,0.0,10.337999999999997,9801.81037748125,,397.5,51.43749999999999,0.0,95.375,6.0873333333333335,94.5625,0.10000000000000002,57362.874601250005,5913241.8125,0.5374999999999999,0.39375,0.9110624999999999,15.393749999999997,Developed
167,Syrian Arab Republic,70.85,139.625,8.0,0.8046666666666666,39.299485632499994,64.125,295.6875,47.31249999999999,9.5625,64.8125,3.9466666666666663,48.4375,0.10000000000000002,1087.435773875,6741444.8125,6.449999999999999,6.2562500000000005,0.6180625,10.98125,Developing
168,Tajikistan,66.65625,177.5625,10.6875,0.33066666666666666,17.277192458187503,84.42857142857143,208.1875,33.112500000000004,12.75,88.3125,5.648,89.25,0.2562499999999999,335.84172523125017,4751355.0,3.80625,3.85,0.5838125,10.681249999999999,Developing
169,Thailand,73.08125,160.375,12.125,6.131333333333332,401.2599633999999,97.0,4311.9375,21.593749999999996,14.125,98.3125,3.757333333333333,98.1875,0.3875,3494.781701625,31170509.5,8.54375,8.7,0.6946875000000001,12.55,Developing
170,The former Yugoslav republic of Macedonia,74.1125,60.8125,0.0,1.8586666666666667,0.0,83.54545454545455,74.75,52.90625,0.0,95.5,7.535999999999999,94.875,0.10000000000000002,,,2.43125,2.45625,0.45575000000000004,12.381250000000001,Developing
171,Timor-Leste,64.75625,170.375,2.375,0.2353333333333333,21.1875232745,76.0,85.0625,14.549999999999999,3.0,63.214285714285715,1.646666666666667,64.21428571428571,0.10000000000000002,551.7106493125001,460195.625,10.524999999999999,11.693749999999998,0.517625,10.700000000000001,Developing
172,Togo,56.66250000000001,311.3125,14.1875,0.9473333333333332,23.705604090625005,76.625,532.5,17.993750000000006,21.4375,67.1875,5.243333333333334,74.3125,3.8625000000000003,317.20409206875007,3722045.5625,7.86875,7.7375,0.44593749999999993,10.649999999999999,Developing
173,Tonga,72.53124999999999,129.625,0.0,1.1673333333333331,323.80934292818745,75.5,0.25,62.94375,0.0,76.875,5.2059999999999995,70.3125,0.10000000000000002,1981.5551861874999,26589.8125,0.10000000000000002,0.10000000000000002,0.6988125000000001,14.218749999999998,Developing
174,Trinidad and Tobago,71.06875,163.375,0.0,6.044666666666666,559.314872033125,54.92857142857143,0.0,37.73125,0.25,76.4375,5.199333333333334,66.5,0.625,7741.748090062502,776133.125,6.1375,6.50625,0.7533749999999999,12.33125,Developing
175,Tunisia,74.35625000000002,18.75,3.25,1.3106666666666666,366.74126047625,96.75,33.1875,48.25625,3.6875,97.6875,6.052666666666667,97.6875,0.10000000000000002,3044.081488375,3274493.1875,6.406249999999999,6.3374999999999995,0.692625,14.05625,Developing
176,Turkey,73.9125,98.375,26.9375,1.4213333333333331,253.41717753406252,87.0625,5272.9375,56.412499999999994,32.25,80.8125,5.617999999999999,80.75,0.10000000000000002,3983.9177217499996,33501352.8125,5.0125,4.849999999999999,0.7033125,12.674999999999999,Developing
177,Turkmenistan,64.61874999999999,214.8125,6.5625,2.6546666666666665,187.78198755506253,97.28571428571429,15.125,38.11875,8.0625,95.5625,2.828666666666666,96.375,0.10000000000000002,2511.6115398624997,2635550.1875,3.3375,3.3625,0.211625,9.831249999999999,Developing
179,Uganda,55.70625,300.1875,89.6875,8.050666666666666,47.6921083495625,63.42857142857143,12394.625,15.525,138.875,65.4375,8.542000000000002,64.875,7.65,421.04849634374995,15540587.125,6.2625,6.25625,0.4453125,10.59375,Developing
180,Ukraine,69.9375,205.75,5.0625,7.3693333333333335,169.42733017693746,54.625,5395.1875,50.893750000000004,5.9375,81.4375,6.777333333333333,70.0,0.5375,1577.293328625,10004933.25,2.5749999999999997,2.6750000000000003,0.7165625000000001,14.606250000000001,Developing
181,United Arab Emirates,75.7,67.0625,1.0,1.75,1886.73158978125,93.875,75.625,53.80625,1.0,95.0625,3.0366666666666666,94.625,0.10000000000000002,22110.366986250003,,5.18125,4.968749999999998,0.8195625000000001,12.812500000000002,Developing
182,United Kingdom of Great Britain and Northern Ireland,80.79375,70.375,3.625,11.13125,0.0,,715.75,55.3875,4.0625,92.875,8.533999999999999,92.875,0.10000000000000002,,,0.7499999999999998,0.50625,,,Developed
183,United Republic of Tanzania,56.00625000000001,304.4375,95.25,3.5826666666666664,0.0,73.5,3348.5625,17.318749999999998,143.1875,83.375,4.701333333333334,74.6875,7.2749999999999995,,,7.425000000000001,7.356249999999999,,,Developing
184,United States of America,78.06250000000001,58.1875,26.1875,8.579333333333333,0.0,81.375,130.625,58.449999999999996,30.75,82.125,15.863333333333333,95.125,0.10000000000000002,,,0.7312500000000002,0.6062499999999998,,,Developed
185,Uruguay,76.075,119.9375,0.5625,6.172666666666667,621.8389194,94.3125,0.0,52.925000000000004,0.75,94.25,8.75,89.125,0.10000000000000002,7192.5848745,2396771.125,1.5999999999999999,1.54375,0.765625,15.231249999999998,Developing
186,Uzbekistan,68.03125,184.8125,21.9375,1.608666666666667,44.373450264937496,95.64285714285714,208.4375,34.80624999999999,25.6875,98.5625,5.638000000000001,98.4375,0.20625,651.0923589312499,903631.6875,3.14375,3.175,0.603,11.643749999999999,Developing
187,Vanuatu,71.38749999999999,137.875,0.0,0.8066666666666665,282.32574587000005,56.125,20.875,44.256249999999994,0.0,66.1875,3.9286666666666665,59.0625,0.10000000000000002,2000.2455181250002,123096.1875,1.56875,1.4937500000000001,0.3675,10.568749999999998,Developing
188,Venezuela (Bolivarian Republic of),73.3875,163.0,9.375,7.419999999999999,0.0,66.25,165.0,54.4875,10.75,74.6875,4.998666666666666,68.5,0.10000000000000002,,,1.65,1.5625,0.7268125,12.787500000000001,Developing
189,Viet Nam,74.775,126.5625,29.1875,3.087333333333334,0.0,87.53846153846153,4232.9375,11.187500000000002,36.5,94.9375,5.977333333333334,91.75,0.14375,,,14.924999999999999,15.625000000000002,0.6270625000000001,11.512500000000001,Developing
190,Yemen,63.862500000000004,211.8125,39.375,0.04733333333333333,0.0,55.6875,2761.1875,33.487500000000004,51.625,67.125,5.005333333333334,72.625,0.10000000000000002,,,13.83125,13.750000000000002,0.4755,8.50625,Developing
191,Zambia,53.90624999999999,354.3125,33.4375,2.2393333333333336,89.65040685112501,69.81818181818181,6563.8125,17.450000000000003,52.375,64.375,5.823999999999999,74.25,11.931249999999999,811.8118405187499,6260246.4375,6.8812500000000005,6.7625,0.4984375,11.212499999999999,Developing
192,Zimbabwe,50.48749999999999,462.375,26.5625,4.482000000000001,20.364271458875002,70.5625,923.0,25.1375,40.8125,75.625,6.158666666666665,75.1875,23.262500000000003,410.98019376875,8021343.0625,7.012499999999999,6.9875,0.43912499999999993,9.825000000000001,Developing
